names,year,Rating,Genre,Certificate,Overview,budget,Director,Runtime,Budget,Revenue
The Shawshank Redemption,1994,9.3,Drama,R,Fear can hold you prisoner. Hope can set you free.,25000000,Frank Darabont,142,85784362,20661099
The Godfather,1972,9.2,"Crime,Drama",R,An offer you can't refuse.,6000000,Francis Ford Coppola,175,46812625,43908318
The Dark Knight,2008,9.0,"Action,Crime,Drama",PG-13,Why So Serious?,185000000,Christopher Nolan,152,36298656,77884094
The Godfather Part II,1974,9.0,"Crime,Drama",R,All the power on earth can't change destiny.,13000000,Francis Ford Coppola,202,32879533,95722061
12 Angry Men,1957,9.0,"Crime,Drama",Approved,Life Is In Their Hands -- Death Is On Their Minds!,350000,Sidney Lumet,96,72548761,42380369
Schindler's List,1993,9.0,"Biography,Drama,History",R,"Whoever saves one life, saves the world entire.",22000000,Steven Spielberg,195,37598085,21235436
The Lord of the Rings: The Return of the King,2003,9.0,"Action,Adventure,Drama",PG-13,The eye of the enemy is moving.,94000000,Peter Jackson,201,22517646,78611276
Pulp Fiction,1994,8.9,"Crime,Drama",R,Girls like me don't make invitations like this to just anyone!,8000000,Quentin Tarantino,154,32225104,24354985
The Lord of the Rings: The Fellowship of the Ring,2001,8.8,"Action,Adventure,Drama",PG-13,The Legend Comes to Life,93000000,Peter Jackson,178,78061117,82546995
"The Good, the Bad and the Ugly",1966,8.8,"Adventure,Western",Approved,They formed an alliance of hate to steal a fortune in dead man's gold,1200000,Sergio Leone,178,29113227,37205961
Forrest Gump,1994,8.8,"Drama,Romance",PG-13,The story of a lifetime.,55000000,Robert Zemeckis,142,46344794,88767897
Fight Club,1999,8.8,Drama,R,How much can you know about yourself if you've never been in a fight?,63000000,David Fincher,139,91035069,16585028
The Lord of the Rings: The Two Towers,2002,8.8,"Action,Adventure,Drama",PG-13,A New Power Is Rising.,94000000,Peter Jackson,179,55783275,33683367
Inception,2010,8.8,"Action,Adventure,Sci-Fi",PG-13,Your mind is the scene of the crime,160000000,Christopher Nolan,148,46264786,41334078
Star Wars: Episode V - The Empire Strikes Back,1980,8.7,"Action,Adventure,Fantasy",PG,The Adventure Continues...,18000000,Irvin Kershner,124,77717721,66267169
The Matrix,1999,8.7,"Action,Sci-Fi",R,Free your mind,63000000,"Lana Wachowski,Lilly Wachowski",136,40570186,74733929
Goodfellas,1990,8.7,"Biography,Crime,Drama",R,"""As far back as I can remember, I've always wanted to be a gangster."" -- Henry Hill, Brooklyn, N.Y. 1955.",25000000,Martin Scorsese,145,56230405,35126015
One Flew Over the Cuckoo's Nest,1975,8.7,Drama,18+,"If he's crazy, what does that make you?",3000000,Milos Forman,133,16751755,52255725
Se7en,1995,8.6,"Crime,Drama,Mystery",R,"Long is the way, and hard, that out of hell leads up to light.",33000000,David Fincher,127,39355648,29724491
Seven Samurai,1954,8.6,"Action,Drama",Not Rated,Will Take Its Place With the Seven Greatest Films of All Time!,125000000,Akira Kurosawa,207,92928958,59022653
It's a Wonderful Life,1946,8.6,"Drama,Family,Fantasy",PG,"Frank Capra's...""It's a Wonderful Life"".",3180000,Frank Capra,130,30042201,53863045
The Silence of the Lambs,1991,8.6,"Crime,Drama,Thriller",R,"Dr. Hannibal Lecter. Brilliant. Cunning. Psychotic. In his mind lies the clue to a ruthless killer. - Clarice Starling, FBI. Brilliant. Vulnerable. Alone. She must trust him to stop the killer.",19000000,Jonathan Demme,118,93361171,58972977
City of God,2002,8.6,"Crime,Drama",R,"If you run, the beast will get you. If you stay, the beast will eat you",$3300000,"Fernando Meirelles,Kátia Lund(co-director)",130,46963024,20973707
Saving Private Ryan,1998,8.6,"Drama,War",R,"In the Last Great Invasion of the Last Great War, The Greatest Danger for Eight Men was Saving... One.",70000000,Steven Spielberg,169,70756568,42324803
Interstellar,2014,8.6,"Adventure,Drama,Sci-Fi",PG-13,Mankind was born on Earth. It was never meant to die here.,165000000,Christopher Nolan,169,51536214,97406106
Life Is Beautiful,1997,8.6,"Comedy,Drama,Romance",PG-13,"An unforgettable fable that proves love, family and imagination conquer all. (Canadian one sheet)",20000000,Roberto Benigni,116,34250780,40276738
The Green Mile,1999,8.6,"Crime,Drama,Fantasy",R,Miracles do happen.,60000000,Frank Darabont,189,77898728,55828954
Star Wars: Episode IV - A New Hope,1977,8.6,"Action,Adventure,Fantasy",PG,It's Back! The Force will be with you for three weeks only. (1979 Reissue Poster),11000000,George Lucas,121,76951755,23608205
Terminator 2: Judgment Day,1991,8.6,"Action,Sci-Fi",R,It's nothing personal.,102000000,James Cameron,137,95629007,81957233
Back to the Future,1985,8.5,"Adventure,Comedy,Sci-Fi",PG,He's the only kid ever to get into trouble before he was born. [UK],19000000,Robert Zemeckis,116,52959104,38704052
Spirited Away,2001,8.6,"Animation,Adventure,Family",PG,The tunnel led Chihiro to a mysterious town.,19000000,Hayao Miyazaki,125,86721096,86589778
The Pianist,2002,8.5,"Biography,Drama,Music",R,Music was his passion. Survival was his masterpiece.,35000000,Roman Polanski,150,82723059,39436441
Psycho,1960,8.5,"Horror,Mystery,Thriller",R,The picture you MUST see from the beginning... Or not at all!... For no one will be seated after the start of... Alfred Hitchcock's greatest shocker Psycho.,806947,Alfred Hitchcock,109,59207673,40777270
Parasite,2019,8.5,"Drama,Thriller",R,Misplaced familyhood (Australia/New Zealand/Singapore),11400000,Bong Joon Ho,132,91104880,45074354
Léon: The Professional,1994,8.5,"Action,Crime,Drama",R,"If you want the job done right, hire a professional.",RF 115000000,Luc Besson,110,67727208,91124403
The Lion King,1994,8.5,"Animation,Adventure,Drama",G,See it for the first time ever in 3D (2011 3D re-release),45000000,"Roger Allers,Rob Minkoff",88,90674813,64343572
Gladiator,2000,8.5,"Action,Adventure,Drama",R,"Father of a murdered son, husband to a murdered wife and I shall have my vengeance in this life or the next",103000000,Ridley Scott,155,23476512,58867564
American History X,1998,8.5,"Crime,Drama",R,His father taught him to hate. His friends taught him rage. His enemies gave him hope.,20000000,Tony Kaye,119,80022315,21966741
The Departed,2006,8.5,"Crime,Drama,Thriller",R,Lies. Betrayal. Sacrifice. How far will you take it?,90000000,Martin Scorsese,151,13405151,65163190
The Usual Suspects,1995,8.5,"Crime,Drama,Mystery",R,The greatest trick the devil ever pulled was to convince the world he didn't exist,6000000,Bryan Singer,106,55297640,15189625
The Prestige,2006,8.5,"Drama,Mystery,Sci-Fi",PG-13,A Friendship That Became a Rivalry.,40000000,Christopher Nolan,130,17075376,97318852
Whiplash,2014,8.5,"Drama,Music",R,The road to greatness can take you to the edge,3300000,Damien Chazelle,106,92811168,15760317
Casablanca,1942,8.5,"Drama,Romance,War",PG,Where Love Cuts as Deep as a Dagger!,950000,Michael Curtiz,102,46724846,17004020
Grave of the Fireflies,1988,8.5,"Animation,Drama,War",Not Rated,imationDramaWar,3700000,Isao Takahata,89,89797091,24953352
Harakiri,1962,8.6,"Action,Drama,Mystery",Not Rated,The World Has Never Understood Why the Japanese Prefer Death to Dishonor! This Samurai Picture Provides The Answer!!,Not Available,Masaki Kobayashi,133,57270225,85518052
The Intouchables,2011,8.5,"Biography,Comedy,Drama",R,Sometimes you have to reach into someone else's world to find out what's missing in your own.,9500000,"Olivier Nakache,Éric Toledano",112,21967126,13623970
Modern Times,1936,8.5,"Comedy,Drama,Romance",G,"He stands alone as the greatest entertainer of modern times! No one on earth can make you laugh as heartily or touch your heart as deeply...the whole world laughs, cries and thrills to his priceless genius!",1500000,Charles Chaplin,87,36087339,58002262
Once Upon a Time in the West,1968,8.5,Western,PG-13,There were three men in her life. One knew her past. One wanted her land. One wanted revenge.,5000000,Sergio Leone,165,92264876,40569667
Rear Window,1954,8.5,"Mystery,Thriller",PG,The Essential Hitchcock,1000000,Alfred Hitchcock,112,24862740,51247955
Cinema Paradiso,1988,8.5,"Drama,Romance",PG,"A celebration of youth, friendship, and the everlasting magic of the movies.",5000000,Giuseppe Tornatore,155,86064043,83323828
Alien,1979,8.5,"Horror,Sci-Fi",R,In space no one can hear you scream.,11000000,Ridley Scott,117,41307151,24398000
City Lights,1931,8.5,"Comedy,Drama,Romance",G,"HE RETURNS -And the world rocks again with laughter. (Print Ad-Daily Examiner, ((Grafton, NSW)) 6 July 1931)",1500000,Charles Chaplin,87,18524669,20817704
Apocalypse Now,1979,8.5,"Drama,Mystery,War",R,The Horror. . . The Horror. . .,31500000,Francis Ford Coppola,147,98804381,94396269
Memento,2000,8.4,"Mystery,Thriller",R,Some memories are best forgotten,9000000,Christopher Nolan,113,60659089,68891432
Django Unchained,2012,8.4,"Drama,Western",R,"Life, liberty and the pursuit of vengeance.",100000000,Quentin Tarantino,165,88749482,99682882
Indiana Jones and the Raiders of the Lost Ark,1981,8.4,"Action,Adventure",PG,Indiana Jones - the new hero from the creators of JAWS and STAR WARS.,18000000,Steven Spielberg,115,82945575,36937634
WALL·E,2008,8.4,"Animation,Adventure,Family",G,After 700 years of doing what he was built for - he'll discover what he's meant for.,180000000,Andrew Stanton,98,51824979,31918375
The Lives of Others,2006,8.4,"Drama,Mystery,Thriller",R,"Before the Fall of the Berlin Wall, East Germany's Secret Police Listened to Your Secrets",2000000,Florian Henckel von Donnersmarck,137,30749439,59868790
Sunset Blvd.,1950,8.4,"Drama,Film-Noir",Passed,A Hollywood Story,1752000,Billy Wilder,110,72945946,75583533
Paths of Glory,1957,8.4,"Drama,War",Approved,Never has the screen thrust so deeply into the guts of war!,935000,Stanley Kubrick,88,84610504,85426478
The Shining,1980,8.4,"Drama,Horror",R,Iconic terror from the No 1 bestselling writer.,19000000,Stanley Kubrick,146,16843597,62412996
The Great Dictator,1940,8.4,"Comedy,Drama,War",G,The Comedy Masterpiece!,2000000,Charles Chaplin,125,17790007,82873866
Avengers: Infinity War,2018,8.4,"Action,Adventure,Sci-Fi",PG-13,An entire universe. Once and for all.,321000000,"Anthony Russo,Joe Russo",149,81969554,60719925
Witness for the Prosecution,1957,8.4,"Crime,Drama,Mystery",Approved,The most electrifying entertainment of our time!,3000000,Billy Wilder,116,48824085,12278894
Aliens,1986,8.4,"Action,Adventure,Sci-Fi",R,This time there's more.,18500000,James Cameron,137,75967470,97142630
Spider-Man: Into the Spider-Verse,2018,8.4,"Animation,Action,Adventure",PG,Enter a universe where more than one wears the mask.,Not Available,"Bob Persichetti,Peter Ramsey,Rodney Rothman",117,64850640,79701228
American Beauty,1999,8.4,Drama,R,... look closer,15000000,Sam Mendes,122,73310203,50956639
Dr. Strangelove or: How I Learned to Stop Worrying and Love the Bomb,1964,8.4,"Comedy,War",PG,The comedy classic from celebrated director STANLEY KUBRICK,1800000,Stanley Kubrick,95,12052758,30681424
The Dark Knight Rises,2012,8.4,"Action,Drama",PG-13,The Legend Ends,250000000,Christopher Nolan,164,21938714,66559179
Oldboy,2003,8.4,"Action,Drama,Mystery",R,"15 years of imprisonment, five days of vengeance",3000000,Park Chan-wook,120,85920597,19700411
Inglourious Basterds,2009,8.3,"Adventure,Drama,War",R,Once upon a time in Nazi occupied France...,70000000,Quentin Tarantino,153,43849580,80566932
Amadeus,1984,8.4,"Biography,Drama,Music",PG,The man... The music... The madness... The murder... The motion picture...,18000000,Milos Forman,160,65305033,33376648
Coco,2017,8.4,"Animation,Adventure,Comedy",PG,The celebration of a lifetime,175000000,"Lee Unkrich,Adrian Molina(co-directed by)",105,59119544,22889591
Toy Story,1995,8.3,"Animation,Adventure,Comedy",G,"""Oooh...3-D"" (USA 2009 re-release)",30000000,John Lasseter,81,33317551,43243550
Joker,2019,8.4,"Crime,Drama,Thriller",R,Put on a happy face.,55000000,Todd Phillips,122,36828494,24319810
Braveheart,1995,8.4,"Biography,Drama,History",R,The story of a man with a free soul...and with the courage to follow it.,72000000,Mel Gibson,178,11205197,55539094
The Boat,1981,8.4,"Drama,War",Not Available,"This is the story of 42 raw recruits caught up in a war they didn't understand, and the Captain who must lead them in their struggle to survive.",EM 32000000,Wolfgang Petersen,0,15341682,82830244
Avengers: Endgame,2019,8.4,"Action,Adventure,Drama",PG-13,Avenge the fallen.,356000000,"Anthony Russo,Joe Russo",181,55774350,84420541
Princess Mononoke,1997,8.4,"Animation,Action,Adventure",PG-13,Live on.,2400000000,Hayao Miyazaki,134,43485515,41000856
Once Upon a Time in America,1984,8.3,"Crime,Drama",R,"Crime, passion and lust for power - Sergio Leone's explosive saga of gangland America.",30000000,Sergio Leone,229,15348377,70184594
Good Will Hunting,1997,8.3,"Drama,Romance",R,"Some people can never believe in themselves, until someone believes in them.",Not Available,Gus Van Sant,126,79166025,48100730
Your Name.,2016,8.4,"Animation,Drama,Fantasy",TV-PG,"Experience Japan's #1 film of 2016, from visionary director Makoto Shinkai",Not Available,Makoto Shinkai,106,76389231,85970109
3 Idiots,2009,8.4,"Comedy,Drama",PG-13,Don't be Stupid. Be an I.D.I.O.T.,550000000,Rajkumar Hirani,170,20834429,15372486
Singin' in the Rain,1952,8.3,"Comedy,Musical,Romance",G,Singin' Swingin' Glorious Feelin' Technicolor Musical,2540800,"Stanley Donen,Gene Kelly",103,25542568,90284660
Requiem for a Dream,2000,8.3,Drama,Unrated,From the director of [Pi],4500000,Darren Aronofsky,102,22543032,77811981
Toy Story 3,2010,8.3,"Animation,Adventure,Comedy",G,The Breakout Comedy Of The Summer,200000000,Lee Unkrich,103,45094476,71114509
High and Low,1963,8.4,"Crime,Drama,Mystery",Not Rated,142 Screenful Minutes of Thrills and Suspense!,Not Available,Akira Kurosawa,143,61230371,79245526
Capernaum,2018,8.4,Drama,R,"""Why are you suing your parents?"" ""For giving me life.""",Not Available,Nadine Labaki,126,45692713,78750706
Star Wars: Episode VI - Return of the Jedi,1983,8.3,"Action,Adventure,Fantasy",PG,"Coming May 25, 1983 to your galaxy. [Second Advance poster]",32500000,Richard Marquand,131,60350398,98360463
Eternal Sunshine of the Spotless Mind,2004,8.3,"Drama,Romance,Sci-Fi",R,I already forget how I used to feel about you.,20000000,Michel Gondry,108,71683391,65948006
2001: A Space Odyssey,1968,8.3,"Adventure,Sci-Fi",G,Let the Awe and Mystery of a Journey Unlike Any Other Begin,12000000,Stanley Kubrick,149,20792992,93332758
Reservoir Dogs,1992,8.3,"Crime,Thriller",R,Seven Total Strangers Team Up For The Perfect Crime. They Don't Know Each Other's Name. But They've Got Each Other's Color,1200000,Quentin Tarantino,99,42632259,18141280
Come and See,1985,8.4,"Drama,Thriller,War",Not Rated,The cruelest side of war.,Not Available,Elem Klimov,142,24336637,57064967
The Hunt,2012,8.3,Drama,R,The lie is spreading.,Not Available,Thomas Vinterberg,115,85316892,42251932
Citizen Kane,1941,8.3,"Drama,Mystery",PG,Radio's Most Dynamic Artist . . The Man At Whose Voice A Nation Trembled . . . Now the screen's most exciting NEW star ! ORSON WELLES in the picture Hollywood said he'd never make,839727,Orson Welles,119,98801413,24523175
M,1931,8.3,"Crime,Mystery,Thriller",Passed,IT STAGGERS THE SENSES!...SHOCKS the Imagination - It will leave you Gasping - It is the Sensation of 3 Continents!,Not Available,Fritz Lang,99,94422620,50826449
Lawrence of Arabia,1962,8.3,"Adventure,Biography,Drama",Approved,A Mighty Motion Picture Of Action And Adventure!,15000000,David Lean,218,53291092,45655845
North by Northwest,1959,8.3,"Action,Adventure,Mystery",Approved,Alfred Hitchcock takes you.... North by Northwest!,3101000,Alfred Hitchcock,136,37815870,99494892
Vertigo,1958,8.3,"Mystery,Romance,Thriller",PG,A Hitchcock thriller. You should see it from the beginning!,2479000,Alfred Hitchcock,128,65007061,38045105
Ikiru,1952,8.3,Drama,Not Rated,One of the Great Films of Our Time!,Not Available,Akira Kurosawa,143,88918877,70326418
Amélie,2001,8.3,"Comedy,Romance",R,One person can change your life forever.,10000000,Jean-Pierre Jeunet,122,83453199,91274258
The Apartment,1960,8.3,"Comedy,Drama,Romance",Approved,"Movie-wise, there has never been anything like ""THE APARTMENT"" love-wise, laugh-wise or otherwise-wise!",3000000,Billy Wilder,125,44767913,62658082
A Clockwork Orange,1971,8.3,"Crime,Sci-Fi",X,"Being the adventures of a young man ... who couldn't resist pretty girls ... or a bit of the old ultra-violence ... went to jail, was re-conditioned ... and came out a different young man ... or was he ?",2200000,Stanley Kubrick,136,32452309,31022709
Double Indemnity,1944,8.3,"Crime,Drama,Film-Noir",Passed,"IT'S LOVE AND MURDER AT FIRST SIGHT! (print ad - Lubbock Morning Avalanche - Lindsey Theatre - Lubbock, Texas - September 1, 1944 - all caps)",927262,Billy Wilder,107,90159509,75761960
Full Metal Jacket,1987,8.3,"Drama,War",R,An Epic Story of the Vietnam War [Australia Theatrical],30000000,Stanley Kubrick,116,22722514,63652073
Top Gun: Maverick,2022,8.3,"Action,Drama",PG-13,Feel the need... The need for speed.,170000000,Joseph Kosinski,130,78909503,54294141
Scarface,1983,8.3,"Crime,Drama",R,He was Tony Montana. The world will remember him by another name...SCARFACE.,25000000,Brian De Palma,170,40611835,72878952
Hamilton,2020,8.4,"Biography,Drama,History",PG-13,An American Musical,Not Available,Thomas Kail,160,68476358,12415893
Incendies,2010,8.3,"Drama,Mystery",R,The search began at the opening of their mother's will.,6800000,Denis Villeneuve,131,50598968,17242411
To Kill a Mockingbird,1962,8.3,"Crime,Drama",Approved,The most beloved and widely read Pulitzer Prize Winner now comes vividly alive on the screen!,2000000,Robert Mulligan,129,83938523,49961889
Heat,1995,8.3,"Action,Crime,Drama",R,An L.A. Redemption,60000000,Michael Mann,170,93338544,68481428
The Sting,1973,8.3,"Comedy,Crime,Drama",PG,"Recapture ""the STING Experience"". REMEMBER HOW GOOD THE FEEL WAS THE FIRST TIME (re-release)",5500000,George Roy Hill,129,42894643,57954945
Up,2009,8.3,"Animation,Adventure,Comedy",PG,Fly Up to Venezuela,175000000,"Pete Docter,Bob Peterson(co-director)",96,43156111,34654400
A Separation,2011,8.3,Drama,PG-13,"Ugly truth, sweet lies",500000,Asghar Farhadi,123,76203990,17692348
Metropolis,1927,8.3,"Drama,Sci-Fi",Not Rated,Fritz Lang's 1927 Masterpiece Now With 25 Minutes of Lost Footage (2010 re-release),EM 6000000,Fritz Lang,153,50807468,96099178
Taxi Driver,1976,8.2,"Crime,Drama",R,"On every street in every city in this country, there's a nobody who dreams of being a somebody.",1300000,Martin Scorsese,114,98801148,54958390
L.A. Confidential,1997,8.2,"Crime,Drama,Mystery",R,"Off the record, on the QT, and very hush-hush...",35000000,Curtis Hanson,138,31325916,88926386
Die Hard,1988,8.2,"Action,Thriller",R,It will blow you through the back wall of the theater!,28000000,John McTiernan,132,75113418,34738132
Snatch,2000,8.2,"Comedy,Crime",R,Stealin' Stones and Breakin' Bones,6000000,Guy Ritchie,102,50256301,90780267
Indiana Jones and the Last Crusade,1989,8.2,"Action,Adventure",PG-13,He's back in an all new adventure. Memorial Day 1989.,48000000,Steven Spielberg,127,51228151,44325821
Bicycle Thieves,1948,8.3,Drama,Not Rated,The Prize Picture They Want to Censor!,133000,Vittorio De Sica,89,17609099,98097040
Like Stars on Earth,2007,8.3,"Drama,Family",PG,Every Child is Special,Not Available,"Aamir Khan,Amole Gupte(uncredited)",165,78508404,35019527
1917,2019,8.2,"Action,Drama,War",R,Time is the enemy.,95000000,Sam Mendes,119,99912615,28941752
Downfall,2004,8.2,"Biography,Drama,History",R,"April 1945, a nation awaits its...",13500000,Oliver Hirschbiegel,156,97378943,11494786
Dangal,2016,8.3,"Action,Biography,Drama",Not Rated,You think our girls are any lesser than boys?,Not Available,Nitesh Tiwari,161,91245317,35855877
For a Few Dollars More,1965,8.2,Western,R,The man with no name is back.,600000,Sergio Leone,132,53804563,77056852
Batman Begins,2005,8.2,"Action,Crime,Drama",PG-13,The Legend Begins,150000000,Christopher Nolan,140,48972055,13279456
The Kid,1921,8.3,"Comedy,Drama,Family",Passed,This is the great film he has been working on for a whole year,250000,Charles Chaplin,68,67377039,42215593
Some Like It Hot,1959,8.2,"Comedy,Music,Romance",Passed,"Not since SCARFACE, so much action. Not since the Marx Brothers, so much comedy. Not since THE SEVEN YEAR ITCH, so much Marilyn.",2883848,Billy Wilder,121,93324772,34548493
The Father,2020,8.2,"Drama,Mystery",PG-13,Nothing is as it seems,6000000,Florian Zeller,97,46770774,28541117
All About Eve,1950,8.2,Drama,Passed,It's all about women---and their men!,1400000,Joseph L. Mankiewicz,138,91665379,59210927
The Wolf of Wall Street,2013,8.2,"Biography,Comedy,Crime",R,Earn. Spend. Party.,100000000,Martin Scorsese,180,76404112,36813728
Green Book,2018,8.2,"Biography,Comedy,Drama",PG-13,Inspired by a True Friendship,23000000,Peter Farrelly,130,95556803,70292681
Judgment at Nuremberg,1961,8.3,"Drama,War",Approved,More than a motion picture...It is an overwhelming experience in human emotion you will never forget!,3000000,Stanley Kramer,179,18801005,68585777
Casino,1995,8.2,"Crime,Drama",R,You don't stay at the top forever,52000000,Martin Scorsese,178,26829426,23529994
Ran,1985,8.2,"Action,Drama,War",R,tionDramaWar,11500000,Akira Kurosawa,162,51942136,51577912
Pan's Labyrinth,2006,8.2,"Drama,Fantasy,War",R,What happens when make-believe believes it's real?,19000000,Guillermo del Toro,118,40082148,13805668
The Truman Show,1998,8.2,"Comedy,Drama",PG,All the world's a stage...,60000000,Peter Weir,103,30447599,47302010
There Will Be Blood,2007,8.2,Drama,R,There Will Be Greed. There Will Be Vengeance.,25000000,Paul Thomas Anderson,158,84986677,21091878
Unforgiven,1992,8.2,"Drama,Western",R,"It's a hell of a thing, killing a man",14400000,Clint Eastwood,130,36982425,92015954
The Sixth Sense,1999,8.2,"Drama,Mystery,Thriller",PG-13,"""I see dead people""",40000000,M. Night Shyamalan,107,22086773,21951840
Shutter Island,2010,8.2,"Mystery,Thriller",R,Someone is missing.,80000000,Martin Scorsese,138,97558337,54439417
A Beautiful Mind,2001,8.2,"Biography,Drama",PG-13,The Only Thing Greater Than the Power of the Mind is the Courage of the Heart,58000000,Ron Howard,135,80434069,19209591
Jurassic Park,1993,8.2,"Action,Adventure,Sci-Fi",PG-13,Life finds a way.,63000000,Steven Spielberg,127,16032187,76075057
Yojimbo,1961,8.2,"Action,Drama,Thriller",Not Rated,Better if all these men were dead. Think about it!,Not Available,Akira Kurosawa,110,45216476,32601855
The Treasure of the Sierra Madre,1948,8.2,"Adventure,Drama,Western",Passed,Storming to a New High in High Adventure !,3000000,John Huston,126,89257483,90319326
Monty Python and the Holy Grail,1975,8.2,"Adventure,Comedy,Fantasy",PG,You can do worse than see it.,229575,"Terry Gilliam,Terry Jones",91,86211581,10901514
The Great Escape,1963,8.2,"Adventure,Drama,History",Approved,put a fence in front of these men...and they'll climb it...,4000000,John Sturges,172,28553639,75022179
No Country for Old Men,2007,8.2,"Crime,Drama,Thriller",R,There Are No Clean Getaways,25000000,"Ethan Coen,Joel Coen",122,10355355,12880227
Spider-Man: No Way Home,2021,8.2,"Action,Adventure,Fantasy",PG-13,The Multiverse Unleashed.,200000000,Jon Watts,148,44649301,39607446
Kill Bill: Vol. 1,2003,8.2,"Action,Crime,Drama",R,"In the year 2003, Uma Thurman will kill Bill",30000000,Quentin Tarantino,111,59073295,15734332
Rashomon,1950,8.2,"Crime,Drama,Mystery",Not Rated,"The husband, the wife...or the bandit?",250000,Akira Kurosawa,88,79232382,37214877
The Thing,1982,8.2,"Horror,Mystery,Sci-Fi",R,Anytime. Anywhere. Anyone.,15000000,John Carpenter,109,74765654,64504786
Finding Nemo,2003,8.2,"Animation,Adventure,Comedy",G,71% of the Earth's surface is covered by water. That's a lot of space to find one fish.,94000000,"Andrew Stanton,Lee Unkrich(co-director)",100,50932289,76606501
The Elephant Man,1980,8.2,"Biography,Drama",PG,An incredible but true story... probably this year's best film.,5000000,David Lynch,124,14186832,73042298
Chinatown,1974,8.2,"Drama,Mystery,Thriller",R,You get tough. You get tender. You get close to each other. Maybe you even get close to the truth.,6000000,Roman Polanski,130,79041492,33894298
Raging Bull,1980,8.2,"Biography,Drama,Sport",R,ographyDramaSport,18000000,Martin Scorsese,129,34179044,17939109
V for Vendetta,2005,8.2,"Action,Drama,Sci-Fi",R,"Remember, remember the 5th of November, the gun powder treason and plot. I know of no reason why the gun powder treason should ever be forgot.",54000000,James McTeigue,132,62287808,94661696
Gone with the Wind,1939,8.2,"Drama,Romance,War",Passed,"For the thousands who remember its unparalleled drama, action and romance! For the new thousands to whom the wonders will be revealed for the first time! Breathtaking spectacle, inspired acting by the greatest cast ever assembled! The screen's most exciting love story! The most-talked about picture ever made! [reissue]",3977000,"Victor Fleming,George Cukor(uncredited),Sam Wood(uncredited)",238,82273350,25870234
"Lock, Stock and Two Smoking Barrels",1998,8.2,"Action,Comedy,Crime",R,A Disgrace to Criminals Everywhere.,960000,Guy Ritchie,107,72852205,51172350
Inside Out,2015,8.2,"Animation,Adventure,Comedy",PG,Meet the little voices inside your head.,175000000,"Pete Docter,Ronnie Del Carmen(co-director)",95,65291281,50679400
Dial M for Murder,1954,8.2,"Crime,Thriller",PG,Kiss By Kiss...Supreme Suspense Unfurls!,1400000,Alfred Hitchcock,105,68542901,23967853
The Secret in Their Eyes,2009,8.2,"Drama,Mystery,Romance",R,Un crimen sin castigo. Un amor puro. Una historia que no debe morir. [A crime without a punishment. A pure love. A story that must not die.],Not Available,Juan José Campanella,129,89794291,74430173
Howl's Moving Castle,2004,8.2,"Animation,Adventure,Family",PG,imationAdventureFamilyFantasy,24000000,Hayao Miyazaki,119,71082791,66649364
"Three Billboards Outside Ebbing, Missouri",2017,8.1,"Comedy,Crime,Drama",R,medyCrimeDrama,15000000,Martin McDonagh,115,76455371,86206451
The Bridge on the River Kwai,1957,8.2,"Adventure,Drama,War",PG,"The towering triumph of adventure from the makers of ""Lawrence of Arabia.""",3000000,David Lean,161,60316320,70226583
Trainspotting,1996,8.1,Drama,R,"Choose life. Choose a job. Choose a starter home. Choose dental insurance, leisure wear and matching luggage. Choose your future. But why would anyone want to do a thing like that?",1500000,Danny Boyle,93,15122787,42379330
Prisoners,2013,8.1,"Crime,Drama,Mystery",R,Every moment matters,46000000,Denis Villeneuve,153,35400626,31160926
Warrior,2011,8.2,"Action,Drama,Sport",PG-13,Fight for Country,25000000,Gavin O'Connor,140,89713721,66994677
Fargo,1996,8.1,"Crime,Thriller",R,A homespun murder story.,7000000,"Joel Coen,Ethan Coen(uncredited)",98,29517440,65381073
Gran Torino,2008,8.1,Drama,R,ma,33000000,Clint Eastwood,116,92957687,71132833
My Neighbor Totoro,1988,8.1,"Animation,Comedy,Family",G,imationComedyFamilyFantasy,Not Available,Hayao Miyazaki,86,86190526,11292293
Catch Me If You Can,2002,8.1,"Biography,Crime,Drama",PG-13,The true story of a real fake.,Not Available,Steven Spielberg,141,34500943,78509238
Million Dollar Baby,2004,8.1,"Drama,Sport",PG-13,"Beyond his silence, there is a past. Beyond her dreams, there is a feeling. Beyond hope, there is a memory. Beyond their journey, there is a love.",30000000,Clint Eastwood,132,28086497,63557313
Children of Heaven,1997,8.2,"Drama,Family,Sport",PG,A Little Secret...Their Biggest Adventure!,Not Available,Majid Majidi,89,17288236,65119652
Blade Runner,1982,8.1,"Action,Drama,Sci-Fi",R,A Futuristic Vision Perfected [2007 Final Cut],28000000,Ridley Scott,117,55046090,58382391
The Gold Rush,1925,8.1,"Adventure,Comedy,Drama",Passed,"""The Picture I Want to Be Remembered by."" -Charlie Chaplin. (Print Ad- Calgary Daily Herald, ((Calgary, Alta.)) 30 December 1925)",923000,Charles Chaplin,95,89630670,16696061
Before Sunrise,1995,8.1,"Drama,Romance",R,Jump on and live a Eurorail journey you will never forget!,2500000,Richard Linklater,101,35056441,74190402
12 Years a Slave,2013,8.1,"Biography,Drama,History",R,The extraordinary true story of Solomon Northup,20000000,Steve McQueen,134,49364558,61427801
Klaus,2019,8.2,"Animation,Adventure,Comedy",PG,Discover the friendship that launched a legend.,Not Available,"Sergio Pablos,Carlos Martínez López(co-director)",96,17037261,19929981
Harry Potter and the Deathly Hallows: Part 2,2011,8.1,"Adventure,Family,Fantasy",PG-13,It All Ends Here,125000000,David Yates,130,70488951,28991270
On the Waterfront,1954,8.1,"Crime,Drama,Thriller",Approved,The Man Lived by the Jungle Law of the Docks!,910000,Elia Kazan,108,54464013,11896890
Ben-Hur,1959,8.1,"Adventure,Drama",G,A Tale of the Christ,15000000,William Wyler,212,57719143,75748560
Gone Girl,2014,8.1,"Drama,Mystery,Thriller",R,You don't know what you've got 'til it's...,Not Available,David Fincher,149,59015649,81202914
The Grand Budapest Hotel,2014,8.1,"Adventure,Comedy,Crime",R,ventureComedyCrime,25000000,Wes Anderson,99,64101846,84260731
Wild Strawberries,1957,8.1,"Drama,Romance",Not Rated,"""We are such stuff as dreams are made on, and our little life is rounded with a sleep."" Shakespeare - The Tempest",Not Available,Ingmar Bergman,91,65435641,46547551
The General,1926,8.1,"Action,Adventure,Comedy",Passed,"Buster drives ""The General"" to trainload of laughter. (Trade paper ad).",750000,"Clyde Bruckman,Buster Keaton",67,72478525,37592414
The Third Man,1949,8.1,"Film-Noir,Mystery,Thriller",Approved,Carol Reed's Classic Thriller,Not Available,Carol Reed,93,41316475,24021816
In the Name of the Father,1993,8.1,"Biography,Crime,Drama",R,Falsely accused.  Wrongly imprisoned.  He fought for justice to clear his father's name.,Not Available,Jim Sheridan,133,48434390,90547529
The Deer Hunter,1978,8.1,"Drama,War",R,One of the most important and powerful films of all time!,15000000,Michael Cimino,183,97338732,80547780
Barry Lyndon,1975,8.1,"Adventure,Drama,War",PG,At long last Redmond Barry became a gentleman -- and that was his tragedy.,11000000,Stanley Kubrick,185,87581118,71365789
Hacksaw Ridge,2016,8.1,"Biography,Drama,History",R,Based on the incredible true story.,40000000,Mel Gibson,139,87121097,96091748
The Wages of Fear,1953,8.2,"Adventure,Drama,Thriller",Not Rated,The complete restored version of the 1953 French classic [reissue],Not Available,Henri-Georges Clouzot,131,85155536,14801094
Memories of Murder,2003,8.1,"Crime,Drama,Mystery",Not Rated,"1986 in a small town...for two detectives, everything was new.",2800000,Bong Joon Ho,132,38627585,87800213
Sherlock Jr.,1924,8.2,"Action,Comedy,Romance",Passed,every inch of footage holds such a laugh!,Not Available,Buster Keaton,45,86808316,90411785
Wild Tales,2014,8.1,"Comedy,Drama,Thriller",R,We can all lose control,Not Available,Damián Szifron,122,92520076,26257422
Mr. Smith Goes to Washington,1939,8.1,"Comedy,Drama",Passed,"OUR OPERATOR SAYS..""IT'S GOING TO BE A PLEASURE TO RUN ""MR. SMITH GOES TO WASHINGTON"" 5 DAYS STARTING SUNDAY, NOV.7) (print ad - Lubbock Morning Avalanche - Cactus Theatre - Lubbock Texas - November 2, 1938 - all caps)",1900000,Frank Capra,129,81737937,17147225
Mad Max: Fury Road,2015,8.1,"Action,Adventure,Sci-Fi",R,WHAT A LOVELY DAY (all caps One Sheet),150000000,George Miller,120,47517444,33384068
The Seventh Seal,1957,8.1,"Drama,Fantasy",Not Rated,"A film of visual scope, of imaginative concept, of powerful content, written and directed by Ingmar Bergman, twice honored by the Interational Jury at the Cannes Film Festival 1956,1957",150000,Ingmar Bergman,96,57587219,84197416
Mary and Max,2009,8.1,"Animation,Comedy,Drama",Not Rated,Two unlikely people. Two different worlds come together in a story about a most unusual friendship.,$8240000,Adam Elliot,92,63538401,23153641
How to Train Your Dragon,2010,8.1,"Animation,Action,Adventure",PG,One adventure will change two worlds,165000000,"Dean DeBlois,Chris Sanders",98,29717723,59852146
Room,2015,8.1,"Drama,Thriller",R,Love knows no boundaries,13000000,Lenny Abrahamson,118,49909089,97503779
"Monsters, Inc.",2001,8.1,"Animation,Adventure,Comedy",G,"Monsters, Inc. : We Scare Because We Care",115000000,"Pete Docter,David Silverman(co-director),Lee Unkrich(co-director)",92,12934930,38532963
Jaws,1975,8.1,"Adventure,Thriller",PG,Amity Island had everything. Clear skies. Gentle surf. Warm water. People flocked there every summer. It was the perfect feeding ground.,7000000,Steven Spielberg,124,12602383,39223461
Dead Poets Society,1989,8.1,"Comedy,Drama",PG,He was their inspiration. He made their lives extraordinary.,16400000,Peter Weir,128,24635881,84468299
The Big Lebowski,1998,8.1,"Comedy,Crime",R,Hay quienes tratan de ganarse la vida sin mover un dedo... otros tienen que cortarlos. (Mexico),15000000,"Joel Coen,Ethan Coen(uncredited)",117,82849766,23299092
Tokyo Story,1953,8.2,Drama,Not Rated,"As long as life goes on, relationships between parents and children will bring boundless joy and endless grief.",Not Available,Yasujirô Ozu,136,98374617,25626985
The Passion of Joan of Arc,1928,8.2,"Biography,Drama,History",Passed,JOAN of ARC PICTURES Inc. presents,Not Available,Carl Theodor Dreyer,114,58362437,69470820
Hotel Rwanda,2004,8.1,"Biography,Drama,History",PG-13,"When a country descended into madness and the world turned its back, one man had to make a choice",17500000,Terry George,121,16285793,71149611
Ford v Ferrari,2019,8.1,"Action,Biography,Drama",PG-13,They took the American dream for a ride.,97600000,James Mangold,152,43073525,52816455
Rocky,1976,8.1,"Drama,Sport",PG,You have a ringside seat for the bloodiest bicentennial in history!,960000,John G. Avildsen,120,39065992,75868066
Platoon,1986,8.1,"Drama,War",R,The first casualty of war is innocence.,6000000,Oliver Stone,120,59264035,65881952
Ratatouille,2007,8.1,"Animation,Adventure,Comedy",G,Dinner is served... Summer 2007,150000000,"Brad Bird,Jan Pinkava(co-director)",111,88120378,23515162
Spotlight,2015,8.1,"Biography,Crime,Drama",R,Break the story. Break the silence.,20000000,Tom McCarthy,129,91803565,59694981
The Terminator,1984,8.1,"Action,Sci-Fi",R,"La sua missione e una sola: distruggere, uccidere... (His one and only mission: to destroy, to kill...) (Italian DVD)",6400000,James Cameron,107,64017250,45107304
Logan,2017,8.1,"Action,Drama,Sci-Fi",R,His time has come,97000000,James Mangold,137,50908032,14886928
Stand by Me,1986,8.1,"Adventure,Drama",13+,"For some, it's the last real taste of innocence, and the first real taste of life. But for everyone, it's the time that memories are made of.",8000000,Rob Reiner,89,17692890,79853070
Rush,2013,8.1,"Action,Biography,Drama",R,Everyone's driven by something.,38000000,Ron Howard,123,93540020,14857822
Network,1976,8.1,Drama,R,"""NETWORK""... the humanoids, the love story, the trials and tribulations, the savior of television, the attempted suicides, the assassination -- it's ALL coming along with a galaxy of stars you know and love!",3800000,Sidney Lumet,121,56110397,25485832
Into the Wild,2007,8.1,"Adventure,Biography,Drama",R,Into the heart Into the soul,15000000,Sean Penn,148,19021219,50452337
Before Sunset,2004,8.1,"Drama,Romance",R,What if you had a second chance with the one that got away?,Not Available,Richard Linklater,80,82653493,37331084
The Wizard of Oz,1939,8.1,"Adventure,Family,Fantasy",G,Mighty Miracle Show Of 1000 Delights !,2777000,"Victor Fleming,George Cukor(uncredited),Mervyn LeRoy(uncredited)",102,40377572,65837516
Pather Panchali,1955,8.3,Drama,Not Rated,The Saga of an Indian Family,Not Available,Satyajit Ray,125,68763852,68078588
Groundhog Day,1993,8.1,"Comedy,Drama,Fantasy",PG,What would you do if you were stuck in the same day... over and over? Anything you want and everything your heart desires.,14600000,Harold Ramis,101,44846783,40503623
The Best Years of Our Lives,1946,8.1,"Drama,Romance,War",Approved,THE SCREEN'S GREATEST LOVE STORY IS THE BEST FILM THIS YEAR FROM HOLLYWOOD!,2100000,William Wyler,170,58213722,70754201
The Exorcist,1973,8.1,Horror,R,The movie you've been waiting for...without the wait.,11000000,William Friedkin,122,38396263,26367174
The Incredibles,2004,8.0,"Animation,Action,Adventure",PG,Save The Day,92000000,Brad Bird,115,82331226,88700696
To Be or Not to Be,1942,8.2,"Comedy,Romance,War",Passed,The Picture Everyone Wants To See.,Not Available,Ernst Lubitsch,99,65829994,56535026
La haine,1995,8.1,"Crime,Drama",Not Rated,"So far, so good",Not Available,Mathieu Kassovitz,98,61700569,31967462
The Battle of Algiers,1966,8.1,"Drama,War",Not Rated,The French Colonel...who was forced even to torture! One of the many women...who stopped at nothing to win! The Algerian Street Boy...who became a rebel hero!,800000,Gillo Pontecorvo,121,45137448,25605716
Pirates of the Caribbean: The Curse of the Black Pearl,2003,8.1,"Action,Adventure,Fantasy",PG-13,Prepare to be blown out of the water.,140000000,Gore Verbinski,143,65417042,20017955
Hachi: A Dog's Tale,2009,8.1,"Biography,Drama,Family",G,"A true story of faith, devotion and undying love.",Not Available,Lasse Hallström,93,20539341,63220469
The Grapes of Wrath,1940,8.1,Drama,Passed,The thousands who have read the book will know why WE WILL NOT SELL ANY CHILDREN TICKETS to see this picture!,800000,John Ford,129,28997920,61327642
Jai Bhim,2021,8.8,"Crime,Drama,Mystery",TV-MA,imeDramaMystery,Not Available,T.J. Gnanavel,164,22932313,18296121
My Father and My Son,2005,8.2,"Drama,Family",Not Rated,"Give him a room dad, he has no place to go...",Not Available,Çagan Irmak,112,95467311,29016598
Amores Perros,2000,8.1,"Drama,Thriller",R,Love. Betrayal. Death.,2000000,Alejandro G. Iñárritu,154,31221731,15333222
Rebecca,1940,8.1,"Drama,Film-Noir,Mystery",Approved,"THE MIGHTY NOVEL LEAPS TO TURBULENT LIFE ON THE SCREEN! (Print Ad- Syracuse Herald-American, ((Syracuse, NY)) 24 March 1940)",1288000,Alfred Hitchcock,130,55013776,24205777
Cool Hand Luke,1967,8.1,"Crime,Drama",GP,"""What we've got here is failure to communicate.""",3200000,Stuart Rosenberg,127,92355262,13892738
The Handmaiden,2016,8.1,"Drama,Romance,Thriller",Not Rated,Never did they expect to get into a controversial relationship...,Not Available,Park Chan-wook,145,22513416,88516567
The 400 Blows,1959,8.1,"Crime,Drama",Not Rated,From the Vanguard of New Film-Makers Comes an Extraordinary Motion Picture,Not Available,François Truffaut,99,64654803,96529751
The Sound of Music,1965,8.1,"Biography,Drama,Family",G,RADIANCE THAT FLOODS THE SCREEN...AND WARMS THE HEART!,8200000,Robert Wise,172,63033800,26146646
It Happened One Night,1934,8.1,"Comedy,Romance",Passed,Two great lovers of the screen in the grandest of romantic comedies !,325000,Frank Capra,105,61261285,67046409
Persona,1966,8.1,"Drama,Thriller",Not Rated,A new film by Ingmar Bergman,Not Available,Ingmar Bergman,83,81133856,20680117
Life of Brian,1979,8.0,Comedy,R,A motion picture destined to offend nearly two thirds of the civilized world. And severely annoy the other third.,4000000,Terry Jones,94,89933524,14001134
The Iron Giant,1999,8.1,"Animation,Action,Adventure",PG,Some secrets are too huge to hide,70000000,Brad Bird,86,87003111,41377497
The Help,2011,8.1,Drama,PG-13,Change begins with a whisper.,25000000,Tate Taylor,146,81004506,73309310
Dersu Uzala,1975,8.2,"Adventure,Biography,Drama",G,There is man and beast at nature's mercy. There is awe and love and reverence. And there is the man called...,4000000,Akira Kurosawa,142,96171181,32554353
Aladdin,1992,8.0,"Animation,Adventure,Comedy",G,Wish granted! (DVD re-release),Not Available,"Ron Clements,John Musker",90,48344673,72227948
Gandhi,1982,8.0,"Biography,Drama,History",PG,His Triumph Changed The World Forever.,22000000,Richard Attenborough,191,44162090,69087867
Dances with Wolves,1990,8.0,"Adventure,Drama,Western",PG-13,Inside everyone is a frontier waiting to be discovered.,22000000,Kevin Costner,181,31130868,77127165
