names,year,Runtime,Genre,Rating,Budget,Revenue
(500) Days of Summer,2009,95,"Comedy, Drama, Romance",7.7,26541616,57613684
12 Angry Men,1957,96,"Crime, Drama",9.0,16906366,13097124
12 Years a Slave,2013,134,"Biography, Drama, History",8.1,43926703,15658029
1917,2019,119,"Drama, Thriller, War",8.3,63274204,61117555
2001: A Space Odyssey,1968,149,"Adventure, Sci-Fi",8.3,96068752,92013087
21 Grams,2003,124,"Crime, Drama, Thriller",7.6,87930222,26339641
25th Hour,2002,135,Drama,7.6,58096793,69166026
28 Days Later...,2002,113,"Drama, Horror, Sci-Fi",7.6,99813297,45204642
3 Idiots,2009,170,"Comedy, Drama",8.4,35227102,49636651
300,2006,117,"Action, Drama",7.6,33387494,50251051
3:10 to Yuma,2007,122,"Action, Crime, Drama",7.7,95942605,56640582
"4 luni, 3 saptamâni si 2 zile",2007,113,Drama,7.9,64600261,10591246
50/50,2011,100,"Comedy, Drama, Romance",7.6,80219622,25747935
8½,1963,138,Drama,8.0,86298231,94088000
A Beautiful d,2001,135,"Biography, Drama",8.2,72732881,78644781
A Bronx Tale,1993,121,"Crime, Drama, Romance",7.8,36688966,42191308
A Christmas Story,1983,93,"Comedy, Family",7.9,36932079,82677549
A Clockwork Orange,1971,136,"Crime, Drama, Sci-Fi",8.3,89401789,21398420
A Few Good Men,1992,138,"Drama, Thriller",7.7,50945957,69301686
A Hard Day's Night,1964,87,"Comedy, Music, Musical",7.6,43638556,90663873
A Little Princess,1995,97,"Drama, Family, Fantasy",7.7,45053640,16963482
A Man for All Seasons,1966,120,"Biography, Drama, History",7.7,69702552,99777892
A Night at the Opera,1935,96,"Comedy, Music, Musical",7.9,32538239,28728152
A Star Is Born,2018,136,"Drama, Music, Romance",7.6,69231104,94117114
A Streetcar Named Desire,1951,122,Drama,8.0,85823935,84988659
A Wednesday,2008,104,"Action, Crime, Drama",8.1,84837214,63782163
About Time,2013,123,"Comedy, Drama, Fantasy",7.8,81688575,75620471
Abre los ojos,1997,119,"Drama, Mystery, Sci-Fi",7.7,30579073,26863041
Ace in the Hole,1951,111,"Drama, Film-Noir",8.1,73491766,88909782
Adams æbler,2005,94,"Comedy, Crime, Drama",7.8,70841658,19192423
Adaptation.,2002,115,"Comedy, Drama",7.7,66487227,91495900
After Hours,1985,97,"Comedy, Crime, Drama",7.7,22133830,28851713
"Aguirre, der Zorn Gottes",1972,95,"Action, Adventure, Biography",7.9,16909122,26790984
Ah-ga-ssi,2016,145,"Drama, Romance, Thriller",8.1,91270816,18274823
Airlift,2016,130,"Drama, History",8.0,63984150,66536385
Airplane!,1980,88,Comedy,7.7,38249642,47672498
Ajeossi,2010,119,"Action, Crime, Drama",7.8,84908900,28135983
Akira,1988,124,"Animation, Action, Sci-Fi",8.0,12549001,77302103
Aladdin,1992,90,"Animation, Adventure, Comedy",8.0,10325612,25348864
Alien,1979,117,"Horror, Sci-Fi",8.4,89600236,67913545
Aliens,1986,137,"Action, Adventure, Sci-Fi",8.3,74897514,60411534
All About Eve,1950,138,Drama,8.2,73506651,74716506
All Quiet on the Western Front,1930,152,"Drama, War",8.0,87244942,45443121
All That Jazz,1979,123,"Drama, Music, Musical",7.9,65716001,14347403
All the President's Men,1976,138,"Biography, Drama, History",7.9,60810868,68623658
Almost Famous,2000,122,"Adventure, Comedy, Drama",7.9,26091543,65079204
Amadeus,1984,160,"Biography, Drama, History",8.3,71803772,59247959
Amarcord,1973,123,"Comedy, Drama, Family",7.9,72140434,97458735
American Beauty,1999,122,Drama,8.3,46687180,31066794
American Gangster,2007,157,"Biography, Crime, Drama",7.8,57348235,10503957
American History X,1998,119,Drama,8.5,40733274,20825068
American Psycho,2000,101,"Comedy, Crime, Drama",7.6,67490039,74790596
Amores perros,2000,154,"Drama, Thriller",8.1,11269607,49012611
Amour,2012,127,"Drama, Romance",7.9,25853825,31660596
Amélie,2001,122,"Comedy, Romance",8.3,89165168,28979460
Anand,1971,122,"Drama, Musical",8.4,29919015,26656482
Anatomy of a Murder,1959,161,"Crime, Drama, Mystery",8.0,57931579,44785011
Andaz Apna Apna,1994,160,"Action, Comedy, Romance",8.2,46107699,74043767
Andhadhun,2018,139,"Crime, Drama, Music",8.3,26190759,50406350
Andrei Rublev,1966,205,"Biography, Drama, History",8.1,45328557,22743492
Ang-ma-reul bo-at-da,2010,144,"Action, Crime, Drama",7.8,29574678,90723898
Annie Hall,1977,93,"Comedy, Romance",8.0,35420482,80265263
Apocalypse Now,1979,147,"Drama, Mystery, War",8.4,61632624,66252215
Apocalypto,2006,139,"Action, Adventure, Drama",7.8,47739982,72249220
Apollo 13,PG,140,"Adventure, Drama, History",7.6,38744655,82202778
Argo,2012,120,"Biography, Drama, Thriller",7.7,49613259,13122990
Arrival,2016,116,"Drama, Sci-Fi",7.9,73861148,14194319
Arsenic and Old Lace,1942,118,"Comedy, Crime, Thriller",8.0,36648364,28484389
As Good as It Gets,1997,139,"Comedy, Drama, Romance",7.7,33318859,15330640
Atonement,2007,123,"Drama, Mystery, Romance",7.8,37510041,51492813
Au revoir les enfants,1987,104,"Drama, War",8.0,36295468,47081016
Auf der anderen Seite,2007,122,Drama,7.8,94583595,88918655
Avatar,2009,162,"Action, Adventure, Fantasy",7.8,85960629,26437074
Avengers: Endgame,2019,181,"Action, Adventure, Drama",8.4,38978962,36699022
Avengers: Infinity War,2018,149,"Action, Adventure, Sci-Fi",8.4,96223340,73528837
Awakenings,1990,121,"Biography, Drama",7.8,98890373,12231658
Ayla: The Daughter of War,2017,125,"Biography, Drama, History",8.4,89351160,74244772
Ba wang bie ji,1993,171,"Drama, Music, Romance",8.1,99710689,28268303
Baahubali 2: The Conclusion,2017,167,"Action, Drama",8.2,63910802,34713061
Babam ve Oglum,2005,112,"Drama, Family",8.3,47804357,41065698
Baby,2015,159,"Action, Crime, Thriller",8.0,18873684,11487026
Baby Driver,2017,113,"Action, Crime, Drama",7.6,49441709,95376185
Bacheha-Ye aseman,1997,89,"Drama, Family, Sport",8.3,91887524,22336154
Back to the Future,1985,116,"Adventure, Comedy, Sci-Fi",8.5,16340517,36000897
Back to the Future Part II,1989,108,"Adventure, Comedy, Sci-Fi",7.8,71925237,80001777
Badhaai ho,2018,124,"Comedy, Drama",8.0,90392985,32286373
Badlands,1973,94,"Action, Crime, Drama",7.8,46330996,28263278
Bajrangi Bhaijaan,2015,163,"Action, Adventure, Comedy",8.0,52621404,50963290
Barfi!,2012,151,"Comedy, Drama, Romance",8.1,56754923,60864850
Barry Lyndon,1975,185,"Adventure, Drama, History",8.1,12097166,48469982
Barton Fink,1991,116,"Comedy, Drama, Thriller",7.7,41546701,18798914
Batman Begins,2005,140,"Action, Adventure",8.2,24780294,91353733
Batman: Mask of the Phantasm,1993,76,"Animation, Action, Crime",7.8,88625772,31786193
Batoru rowaiaru,2000,114,"Action, Adventure, Drama",7.6,10716544,98896123
Beasts of No Nation,2015,137,"Drama, War",7.7,65783860,37384215
Beauty and the Beast,1991,84,"Animation, Family, Fantasy",8.0,74752351,77825442
Before Midnight,2013,109,"Drama, Romance",7.9,30542334,90318028
Before Sunrise,1995,101,"Drama, Romance",8.1,31726096,34108177
Before Sunset,2004,80,"Drama, Romance",8.1,24456222,79621726
Being John Malkovich,1999,113,"Comedy, Drama, Fantasy",7.7,54379320,78588512
Being There,1979,130,"Comedy, Drama",8.0,52597821,76758916
Belle de jour,1967,100,"Drama, Romance",7.7,22963320,52154625
Ben-Hur,1959,212,"Adventure, Drama, History",8.1,90782070,80511306
Bhaag Milkha Bhaag,2013,186,"Biography, Drama, Sport",8.2,40116528,50863323
Big Fish,2003,125,"Adventure, Drama, Fantasy",8.0,66266929,30086651
Big Hero 6,2014,102,"Animation, Action, Adventure",7.8,62743480,15497374
Billy Elliot,2000,110,"Drama, Music",7.7,57355656,92584940
Bin-jip,2004,88,"Crime, Drama, Romance",8.0,33499917,27004893
Bir Zamanlar Anadolu'da,2011,157,"Crime, Drama",7.9,30531785,14432791
Birdman or (The Unexpected Virtue of Ignorance),2014,119,"Comedy, Drama",7.7,53326028,99322756
Black,2005,122,Drama,8.2,18438366,96002729
Black Hawk Down,2001,144,"Drama, History, War",7.7,22527644,11787608
Black Swan,2010,108,"Drama, Thriller",8.0,58373053,17202060
Blade Runner,1982,117,"Action, Sci-Fi, Thriller",8.1,70442948,27784170
Blade Runner 2049,2017,164,"Action, Drama, Mystery",8.0,50200658,56685144
Blazing Saddles,1974,93,"Comedy, Western",7.7,14870545,16612208
Blood Diamond,2006,143,"Adventure, Drama, Thriller",8.0,17286765,40520672
Blood Simple,1984,99,"Crime, Drama, Thriller",7.6,48395148,53390115
Blow,2001,124,"Biography, Crime, Drama",7.6,68841344,90985434
Blowup,1966,111,"Drama, Mystery, Thriller",7.6,28874016,54720394
Blue Velvet,1986,120,"Drama, Mystery, Thriller",7.7,52307247,52519452
Bohemian Rhapsody,2018,134,"Biography, Drama, Music",8.0,71303882,38039282
Boksuneun naui geot,2002,129,"Crime, Drama, Thriller",7.6,36113791,27408338
Bom Yeoareum Gaeul Gyeoul Geurigo Bom,2003,103,"Drama, Romance",8.0,91484096,64006834
Bonnie and Clyde,1967,111,"Action, Biography, Crime",7.8,95342940,96222073
Boogie Nights,1997,155,Drama,7.9,92254296,63196385
Bound by Honor,1993,180,"Crime, Drama",8.0,89394748,60187034
Boyhood,2014,165,Drama,7.9,76726991,40646960
Boyz n the Hood,1991,112,"Crime, Drama",7.8,92664934,29155118
Braveheart,1995,178,"Biography, Drama, History",8.3,26553435,80590216
Brazil,1985,132,"Drama, Sci-Fi",7.9,39679143,27850889
Breakfast at Tiffany's,1961,115,"Comedy, Drama, Romance",7.6,14837947,64091749
Breaking the Waves,1996,159,Drama,7.8,55221788,48944160
Bride of Frankenstein,1935,75,"Drama, Horror, Sci-Fi",7.8,31611652,61585222
Bridge of Spies,2015,142,"Drama, History, Thriller",7.6,28885136,95583999
Brief Encounter,1945,86,"Drama, Romance",8.0,75738575,63768207
Bringing Up Baby,1938,102,"Comedy, Family, Romance",7.8,54398826,82111676
Brokeback Mountain,2005,134,"Drama, Romance",7.7,90281374,82345541
Bronenosets Potemkin,1925,75,"Drama, History, Thriller",8.0,45112575,66729733
Butch Cassidy and the Sundance Kid,1969,110,"Biography, Crime, Drama",8.0,84181790,98696544
Bãhubali: The Beginning,2015,159,"Action, Drama",8.0,63930150,95582116
C.R.A.Z.Y.,2005,129,"Comedy, Drama",7.9,93654727,90916452
Cabaret,1972,124,"Drama, Music, Musical",7.8,36385340,45237743
Call Me by Your Name,2017,132,"Drama, Romance",7.9,46651585,31731947
Cape Fear,1962,106,"Drama, Thriller",7.7,71472633,41093744
Capharnaüm,2018,126,Drama,8.4,19658222,73179896
Captain America: Civil War,2016,147,"Action, Adventure, Sci-Fi",7.8,96553207,85056536
Captain America: The Winter Soldier,2014,136,"Action, Adventure, Sci-Fi",7.7,35056816,36351434
Captain Fantastic,2016,118,"Comedy, Drama",7.9,64779846,47415538
Captain Phillips,2013,134,"Adventure, Biography, Crime",7.8,62017223,14053632
Carlito's Way,1993,144,"Crime, Drama, Thriller",7.9,14386653,36033295
Casablanca,1942,102,"Drama, Romance, War",8.5,17002782,28149530
Casino,1995,178,"Crime, Drama",8.2,35825259,64798223
Casino Royale,2006,144,"Action, Adventure, Thriller",8.0,78433869,63533149
Cast Away,2000,143,"Adventure, Drama, Romance",7.8,93173586,24906098
Cat on a Hot Tin Roof,1958,108,Drama,8.0,69907745,33392447
Catch Me If You Can,2002,141,"Biography, Crime, Drama",8.1,26100986,92515013
Celda 211,2009,113,"Action, Adventure, Crime",7.6,46125777,55778691
Central do Brasil,1998,110,Drama,8.0,49850887,98002113
Chak De! India,2007,153,"Drama, Family, Sport",8.2,24934059,97628760
Changeling,2008,141,"Biography, Crime, Drama",7.7,91340729,66212097
Charade,1963,113,"Comedy, Mystery, Romance",7.9,62426633,88151741
Chhichhore,2019,143,"Comedy, Drama",8.2,62515569,10855578
Children of Men,2006,109,"Adventure, Drama, Sci-Fi",7.9,13916193,83403943
Chinatown,1974,130,"Drama, Mystery, Thriller",8.1,54451034,66384158
Chugyeokja,2008,125,"Action, Crime, Thriller",7.8,16482238,24537751
Chung Hing sam lam,1994,102,"Comedy, Crime, Drama",8.1,37747762,26144145
Cidade de Deus,2002,130,"Crime, Drama",8.6,46061023,31288956
Cinderella Man,2005,144,"Biography, Drama, History",8.0,97896699,17831288
Citizen Kane,1941,119,"Drama, Mystery",8.3,80277142,55688898
City Lights,1931,87,"Comedy, Drama, Romance",8.5,20443991,47866721
Clerks,1994,92,Comedy,7.7,53582768,64424954
Close Encounters of the Third Kind,1977,138,"Drama, Sci-Fi",7.6,73407216,57173510
Coco,2017,105,"Animation, Adventure, Family",8.4,93840401,45988319
Contratiempo,2016,106,"Crime, Drama, Mystery",8.1,56581787,38134023
Control,2007,122,"Biography, Drama, Music",7.7,79386553,36180908
Cool Hand Luke,1967,127,"Crime, Drama",8.1,30457174,63933121
Coraline,2009,100,"Animation, Drama, Family",7.7,61600043,86660731
Cowboy Bebop: Tengoku no tobira,2001,115,"Animation, Action, Crime",7.9,49178629,81835327
Crash,2004,112,"Crime, Drama, Thriller",7.7,30527272,36158552
Creed,2015,133,"Drama, Sport",7.6,92021829,21348460
Crimes and Misdemeanors,1989,104,"Comedy, Drama",7.9,81447247,96287823
"Crna macka, beli macor",1998,127,"Comedy, Crime, Romance",8.1,49859544,61231203
Dallas Buyers Club,2013,117,"Biography, Drama",8.0,60765202,51792791
Dancer in the Dark,2000,140,"Crime, Drama, Musical",8.0,15503168,58739349
Dances with Wolves,1990,181,"Adventure, Drama, Western",8.0,37957827,48719757
Dangal,2016,161,"Action, Biography, Drama",8.4,57053179,61351250
Darbareye Elly,2009,119,"Drama, Mystery",8.0,34153559,36325355
Dark City,1998,100,"Mystery, Sci-Fi, Thriller",7.6,40003658,64104394
Dark Waters,2019,126,"Biography, Drama, History",7.6,17992432,21192765
Das Boot,1981,149,"Adventure, Drama, Thriller",8.3,26661582,97244735
Das Cabinet des Dr. Caligari,1920,76,"Fantasy, Horror, Mystery",8.1,34764806,12398240
Das Experiment,2001,120,"Drama, Thriller",7.7,44805990,88559487
Das weiße Band - Eine deutsche Kindergeschichte,2009,144,"Drama, History, Mystery",7.8,29379347,39996990
Dawn of the Dead,1978,127,"Action, Adventure, Horror",7.9,54754751,85779136
Dawn of the Planet of the Apes,2014,130,"Action, Adventure, Drama",7.6,56105836,15817421
Days of Heaven,1978,94,"Drama, Romance",7.8,29765244,53526813
Dazed and Confused,1993,102,Comedy,7.6,51747384,76600077
Dead Man,1995,121,"Adventure, Drama, Fantasy",7.6,66573462,87755750
Dead Man's Shoes,2004,90,"Crime, Drama, Thriller",7.6,20564155,89935301
Dead Poets Society,1989,128,"Comedy, Drama",8.1,21591027,20588540
Deadpool,2016,108,"Action, Adventure, Comedy",8.0,31796191,41580538
Deadpool 2,2018,119,"Action, Adventure, Comedy",7.7,54923175,95687927
Death Note: Desu nôto,2006,126,"Crime, Drama, Fantasy",7.7,58023031,20976688
Delicatessen,1991,99,"Comedy, Crime",7.6,66849538,65186454
Deliverance,1972,109,"Adventure, Drama, Thriller",7.7,65587431,55315380
Der Himmel über Berlin,1987,128,"Drama, Fantasy, Romance",8.0,22733783,17334696
Der Name der Rose,1986,130,"Crime, Drama, Mystery",7.7,64689597,97022527
Der Untergang,2004,156,"Biography, Drama, History",8.2,39837603,68475995
Despicable Me,2010,95,"Animation, Comedy, Crime",7.6,68841571,19824430
Det sjunde inseglet,1957,96,"Drama, Fantasy, History",8.2,25387170,35380138
Detachment,2011,98,Drama,7.7,30883503,10804945
Dev.D,2009,144,"Drama, Romance",8.0,23650579,90776770
Dial M for Murder,1954,105,"Crime, Thriller",8.2,96743103,29927555
Diarios de motocicleta,2004,126,"Adventure, Biography, Drama",7.8,86514613,24442788
Die Hard,1988,132,"Action, Thriller",8.2,54386018,68685412
Die Hard: With a Vengeance,1995,128,"Action, Adventure, Thriller",7.6,52614967,20416382
Die Welle,2008,107,"Drama, Thriller",7.6,91764371,28829895
Dil Bechara,2020,101,"Comedy, Drama, Romance",7.9,11296704,18526342
Dil Chahta Hai,2001,183,"Comedy, Drama, Romance",8.1,66770885,56545577
Dilwale Dulhania Le Jayenge,1995,189,"Drama, Romance",8.1,99799136,53786971
Dip huet seung hung,1989,111,"Action, Crime, Drama",7.8,86855258,19205901
Dirty Harry,1971,102,"Action, Crime, Thriller",7.7,71583816,77784906
District 9,2009,112,"Action, Sci-Fi, Thriller",7.9,26250253,20796776
Django Unchained,2012,165,"Drama, Western",8.4,74738707,31933987
Do lok tin si,1995,99,"Comedy, Crime, Drama",7.7,50115327,63266947
Do the Right Thing,1989,120,"Comedy, Drama",8.0,94728330,43647005
Doctor Zhivago,1965,197,"Drama, Romance, War",8.0,68911829,23784949
Dog Day Afternoon,1975,125,"Biography, Crime, Drama",8.0,89323434,75122784
Dogville,2003,178,"Crime, Drama",8.0,76700393,26983471
Dom za vesanje,1988,142,"Comedy, Crime, Drama",8.2,12524540,98464437
Donnie Brasco,1997,127,"Biography, Crime, Drama",7.7,73709669,64826936
Donnie Darko,2001,113,"Drama, Mystery, Sci-Fi",8.0,44303882,89533132
Double Indemnity,1944,107,"Crime, Drama, Film-Noir",8.3,81902097,23526174
Down by Law,1986,107,"Comedy, Crime, Drama",7.8,94389056,53612407
Dr. Strangelove or: How I Learned to Stop Worrying and Love the Bomb,1964,95,Comedy,8.4,75579052,35767468
Drishyam,2013,160,"Crime, Drama, Thriller",8.3,19876607,23518295
Drive,2011,100,"Crime, Drama",7.8,55555419,27338702
Druk,2020,117,"Comedy, Drama",7.8,95825511,34738361
Du rififi chez les hommes,1955,118,"Crime, Drama, Thriller",8.2,76458046,94786078
Duck Soup,1933,69,"Comedy, Musical, War",7.8,44112023,14388034
Dunkirk,2017,106,"Action, Drama, History",7.8,59580670,34481539
Dà hóng denglong gaogao guà,1991,125,"Drama, History, Romance",8.1,28940461,85941746
E.T. the Extra-Terrestrial,1982,115,"Family, Sci-Fi",7.8,62965509,96833935
East of Eden,1955,118,Drama,7.9,13246598,87089687
Eastern Promises,2007,100,"Action, Crime, Drama",7.6,99746582,51393709
Ed Wood,1994,127,"Biography, Comedy, Drama",7.8,24542277,66323938
Edge of Tomorrow,2014,113,"Action, Adventure, Sci-Fi",7.9,52373863,40070306
Edward Scissorhands,1990,105,"Drama, Fantasy, Romance",7.9,49812717,46445241
Efter brylluppet,2006,120,Drama,7.7,30311021,52325630
El cuerpo,2012,112,"Mystery, Thriller",7.6,46966037,25075889
El secreto de sus ojos,2009,129,"Drama, Mystery, Romance",8.2,31147628,49275237
El ángel exterador,1962,95,"Drama, Fantasy",8.1,33633455,78221432
Empire of the Sun,1987,153,"Action, Drama, History",7.7,25499402,69519761
En man som heter Ove,2015,116,"Comedy, Drama, Romance",7.7,64128506,59730212
End of Watch,2012,109,"Action, Crime, Drama",7.6,10268579,79702306
Enemy at the Gates,2001,131,"Drama, History, War",7.6,51302194,80116318
English Vinglish,2012,134,"Comedy, Drama, Family",7.8,13839206,94627560
Enter the Dragon,1973,102,"Action, Crime, Drama",7.7,75814322,96371360
Escape from Alcatraz,1979,112,"Action, Biography, Crime",7.6,32468767,44426010
Eskiya,1996,128,"Crime, Drama, Thriller",8.2,59298028,25798666
Eternal Sunshine of the Spotless d,2004,108,"Drama, Romance, Sci-Fi",8.3,43909780,86495303
Evil Dead II,1987,84,"Action, Comedy, Fantasy",7.8,33453214,33812331
Ex Machina,2014,108,"Drama, Sci-Fi, Thriller",7.7,89508407,93294577
Fa yeung nin wah,2000,98,"Drama, Romance",8.1,10211216,30955731
Falling Down,1993,113,"Action, Crime, Drama",7.6,11437845,66161568
Fanny och Alexander,1982,188,Drama,8.1,32950740,72271171
Fantasia,1940,125,"Animation, Family, Fantasy",7.7,83816443,81985588
Fantastic Mr. Fox,2009,87,"Animation, Adventure, Comedy",7.9,86362279,32496737
Fargo,1996,98,"Crime, Drama, Thriller",8.1,53996530,31067356
Fear and Loathing in Las Vegas,1998,118,"Adventure, Comedy, Drama",7.6,60742368,43140661
Ferris Bueller's Day Off,1986,103,Comedy,7.8,39205058,75013722
Festen,1998,105,Drama,8.0,23950738,42931845
Fiddler on the Roof,1971,181,"Drama, Family, Musical",8.0,79612427,88488570
Fight Club,1999,139,Drama,8.8,31238441,75388051
Finding Nemo,2003,100,"Animation, Adventure, Comedy",8.1,89549836,43925346
Finding Neverland,2004,106,"Biography, Drama, Family",7.6,14897453,58585821
First Blood,1982,93,"Action, Adventure",7.7,60378812,73470384
Fitzcarraldo,1982,158,"Adventure, Drama",8.1,65350286,67535192
Flipped,2010,90,"Comedy, Drama, Romance",7.7,23181512,15796857
Ford v Ferrari,2019,152,"Action, Biography, Drama",8.1,66765838,75149035
Forrest Gump,1994,142,"Drama, Romance",8.8,78052599,54421877
Forushande,2016,124,Drama,7.8,49577883,95432436
Frankenstein,1931,70,"Drama, Horror, Sci-Fi",7.8,66777495,17704454
Freaks,1932,64,"Drama, Horror",7.9,42470697,48080331
Fried Green Tomatoes,1991,130,Drama,7.7,98829067,39435622
From Here to Eternity,1953,118,"Drama, Romance, War",7.6,28322156,84907246
Frost/Nixon,2008,122,"Biography, Drama, History",7.7,55258285,30018823
Full Metal Jacket,1987,116,"Drama, War",8.3,27263152,29250860
Funny Games,1997,108,"Crime, Drama, Thriller",7.6,45794092,14781843
G.O.R.A.,2004,127,"Adventure, Comedy, Sci-Fi",8.0,64381787,21716387
Gake no ue no Ponyo,2008,101,"Animation, Adventure, Comedy",7.7,49280737,77554988
Gandhi,1982,191,"Biography, Drama, History",8.0,57265428,84850695
Gangs of Wasseypur,2012,321,"Action, Comedy, Crime",8.2,43694382,67277898
Gattaca,1997,106,"Drama, Sci-Fi, Thriller",7.8,93009120,57319882
Gegen die Wand,2004,121,"Drama, Romance",7.9,85375935,22247620
Get Out,2017,104,"Horror, Mystery, Thriller",7.7,89736665,64011292
Ghostbusters,1984,105,"Action, Comedy, Fantasy",7.8,10752992,96443094
Giant,1956,201,"Drama, Western",7.6,22100061,95380641
Gifted,2017,101,Drama,7.6,70250256,84935986
Gilda,1946,110,"Drama, Film-Noir, Romance",7.7,85753485,96487017
Gisaengchung,2019,132,"Comedy, Drama, Thriller",8.6,55070345,60436805
Giù la testa,1971,157,"Drama, War, Western",7.6,55298833,65084902
Gladiator,2000,155,"Action, Adventure, Drama",8.5,14694509,60160292
Glengarry Glen Ross,1992,100,"Crime, Drama, Mystery",7.7,40273230,62021860
Glory,1989,122,"Biography, Drama, History",7.8,98130938,14497903
God's Own Country,2017,104,"Drama, Romance",7.7,66936419,78727469
Goldfinger,1964,110,"Action, Adventure, Thriller",7.7,57677232,54252065
Gone Baby Gone,2007,114,"Crime, Drama, Mystery",7.6,17973208,45877220
Gone Girl,2014,149,"Drama, Mystery, Thriller",8.1,83016523,51330459
Gone with the Wind,1939,238,"Drama, History, Romance",8.1,18071559,67505581
Gongdong gyeongbi guyeok JSA,2000,110,"Action, Drama, Thriller",7.8,31465124,93854104
Good Bye Lenin!,2003,121,"Comedy, Drama, Romance",7.7,43469881,40381154
Good Will Hunting,1997,126,"Drama, Romance",8.3,54924520,76425677
Goodfellas,1990,146,"Biography, Crime, Drama",8.7,21654603,38967252
Gran Torino,2008,116,Drama,8.1,73209348,79501649
Gravity,2013,91,"Drama, Sci-Fi, Thriller",7.7,53808698,51298566
Green Book,2018,130,"Biography, Comedy, Drama",8.2,98003462,73891229
Groundhog Day,1993,101,"Comedy, Fantasy, Romance",8.0,94722224,10310218
Guardians of the Galaxy,2014,121,"Action, Adventure, Comedy",8.0,54089046,57567440
Guardians of the Galaxy Vol. 2,2017,136,"Action, Adventure, Comedy",7.6,47345325,13488131
Guess Who's Cog to Dinner,1967,108,"Comedy, Drama",7.8,39744466,19241056
Gully Boy,2019,154,"Drama, Music, Romance",8.0,64605475,75271143
Hable con ella,2002,112,"Drama, Mystery, Romance",7.9,77808599,91677090
Hachi: A Dog's Tale,2009,93,"Biography, Drama, Family",8.1,74794860,93448611
Hacksaw Ridge,2016,139,"Biography, Drama, History",8.1,79982471,68735952
Haider,2014,160,"Action, Crime, Drama",8.1,85892781,21678493
Halloween,1978,91,"Horror, Thriller",7.7,28804369,34374032
Hamilton,2020,160,"Biography, Drama, History",8.6,74393403,53571538
Hamlet,1996,242,Drama,7.7,12597885,63459934
Hana-bi,1997,103,"Crime, Drama, Romance",7.8,38302240,49247083
Hannah and Her Sisters,1986,107,"Comedy, Drama",7.9,76293964,48075846
Happiness,1998,134,"Comedy, Drama",7.7,15024016,92045251
Harold and Maude,1971,91,"Comedy, Drama, Romance",7.9,17505231,62382135
Harry Potter and the Deathly Hallows: Part 1,2010,146,"Adventure, Family, Fantasy",7.7,45839906,30685963
Harry Potter and the Deathly Hallows: Part 2,2011,130,"Adventure, Drama, Fantasy",8.1,56496629,96008936
Harry Potter and the Goblet of Fire,2005,157,"Adventure, Family, Fantasy",7.7,77956433,39818242
Harry Potter and the Half-Blood Prince,2009,153,"Action, Adventure, Family",7.6,57966424,46151672
Harry Potter and the Prisoner of Azkaban,2004,142,"Adventure, Family, Fantasy",7.9,78606739,60991123
Harry Potter and the Sorcerer's Stone,2001,152,"Adventure, Family, Fantasy",7.6,32541001,21509274
Harvey,1950,104,"Comedy, Drama, Fantasy",7.9,14552803,31115901
Hauru no ugoku shiro,2004,119,"Animation, Adventure, Family",8.2,52851121,48591461
Heat,1995,170,"Crime, Drama, Thriller",8.2,22348701,22626287
Hedwig and the Angry Inch,2001,95,"Comedy, Drama, Music",7.7,45335164,69163321
Hell or High Water,2016,102,"Action, Crime, Drama",7.6,27922734,66555309
Her,2013,126,"Drama, Romance, Sci-Fi",8.0,70143543,98273084
Hera Pheri,2000,156,"Action, Comedy, Crime",8.2,78909445,50966367
Hidden Figures,2016,127,"Biography, Drama, History",7.8,88863278,38116667
High Noon,1952,85,"Drama, Thriller, Western",7.9,56465353,49384481
Hiroshima mon amour,1959,90,"Drama, Romance",7.9,60671191,31785427
His Girl Friday,1940,92,"Comedy, Drama, Romance",7.9,54766214,16056650
Home Alone,1990,103,"Comedy, Family",7.6,19815888,73231612
Hot Fuzz,2007,121,"Action, Comedy, Mystery",7.8,52376712,78257105
Hotaru no haka,1988,89,"Animation, Drama, War",8.5,87432756,66440794
Hotel Rwanda,2004,121,"Biography, Drama, History",8.1,49826147,29804677
How to Train Your Dragon,2010,98,"Animation, Action, Adventure",8.1,80162751,18270843
How to Train Your Dragon 2,2014,102,"Animation, Action, Adventure",7.8,93884848,58562166
Hunt for the Wilderpeople,2016,101,"Adventure, Comedy, Drama",7.9,46294062,37533371
Huo Yuan Jia,2006,104,"Action, Biography, Drama",7.6,45781895,23476325
Hævnen,2010,118,"Drama, Romance",7.6,95875700,90255348
Höstsonaten,1978,99,"Drama, Music",8.2,86880988,39361659
I Am Sam,2001,132,Drama,7.7,13324826,84183548
"I, Daniel Blake",2016,100,Drama,7.9,95084832,28171940
Idi i smotri,1985,142,"Drama, Thriller, War",8.3,64812723,44979046
Ikiru,1952,143,Drama,8.3,37629324,20818618
"Il buono, il brutto, il cattivo",1966,161,Western,8.8,35315475,33150490
Il conformista,1970,113,Drama,8.0,31552621,61000223
Il postino,1994,108,"Biography, Comedy, Drama",7.7,17961274,49113869
In America,2002,105,Drama,7.7,20263111,83018959
In Bruges,2008,107,"Comedy, Crime, Drama",7.9,59686236,25879915
In a Lonely Place,1950,94,"Drama, Film-Noir, Mystery",8.0,11429758,31067154
In the Heat of the Night,1967,110,"Crime, Drama, Mystery",7.9,32582233,49940782
In the Name of the Father,1993,133,"Biography, Crime, Drama",8.1,72687602,96168204
Incendies,2010,131,"Drama, Mystery, War",8.3,89236849,87975804
Inception,2010,148,"Action, Adventure, Sci-Fi",8.8,16376142,44934317
Incredibles 2,2018,118,"Animation, Action, Adventure",7.6,82938942,40655761
Indiana Jones and the Last Crusade,1989,127,"Action, Adventure",8.2,19287605,29850494
Inglourious Basterds,2009,153,"Adventure, Drama, War",8.3,19274281,30038233
Inherit the Wind,1960,128,"Biography, Drama, History",8.1,15331183,90863543
Inside Man,2006,129,"Crime, Drama, Mystery",7.6,58824628,39143232
Inside Out,2015,95,"Animation, Adventure, Comedy",8.1,72494927,61012030
Interstate 60: Episodes of the Road,2002,116,"Adventure, Comedy, Drama",7.7,47684039,88926227
Interstellar,2014,169,"Adventure, Drama, Sci-Fi",8.6,51822997,79148282
Into the Wild,2007,148,"Adventure, Biography, Drama",8.1,44134593,15184408
Invasion of the Body Snatchers,1956,80,"Drama, Horror, Sci-Fi",7.7,85922924,55120905
Iron Man,2008,126,"Action, Adventure, Sci-Fi",7.9,16908582,23398065
Isle of Dogs,2018,101,"Animation, Adventure, Comedy",7.9,26271019,14266412
It Happened One Night,1934,105,"Comedy, Romance",8.1,41258017,67715122
It's a Wonderful Life,1946,130,"Drama, Family, Fantasy",8.6,47400734,69529888
Ivanovo detstvo,1962,95,"Drama, War",8.1,60193285,26186218
JFK,1991,189,"Drama, History, Thriller",8.0,27131273,30860199
Jab We Met,2007,138,"Comedy, Drama, Romance",7.9,92681507,89524345
Jagten,2012,115,Drama,8.3,35899041,21211695
Jaws,1975,124,"Adventure, Thriller",8.0,89940173,39395012
Jeux d'enfants,2003,93,"Comedy, Drama, Romance",7.6,77211525,31576827
Jodaeiye Nader az Si,2011,123,Drama,8.3,19293064,52407585
Jojo Rabbit,2019,108,"Comedy, Drama, War",7.9,81555605,24004076
Joker,2019,122,"Crime, Drama, Thriller",8.5,82932208,54354960
Joyeux Noël,2005,116,"Drama, History, Music",7.7,99991969,45248159
Judgment at Nuremberg,1961,179,"Drama, War",8.2,43783729,19938053
Jules et Jim,1962,105,"Drama, Romance",7.8,69306997,25850491
Jungfrukällan,1960,89,Drama,8.1,91326157,34498811
Jurassic Park,1993,127,"Action, Adventure, Sci-Fi",8.1,47317110,70257701
Just Mercy,2019,137,"Biography, Crime, Drama",7.6,85206205,50619012
Jûbê ninpûchô,1993,94,"Animation, Action, Adventure",7.9,13308749,19488482
K.G.F: Chapter 1,2018,156,"Action, Drama",8.2,57072507,33634639
Kagemusha,1980,180,"Drama, History, War",8.0,55740150,10993656
Kaguyahime no monogatari,2013,137,"Animation, Adventure, Drama",8.0,25728423,27118689
Kahaani,2012,122,"Mystery, Thriller",8.1,19756987,68444905
Kai po che!,2013,130,"Drama, Sport",7.7,75836007,25611790
Kakushi-toride no san-akunin,1958,139,"Adventure, Drama",8.1,72523878,88706455
Kal Ho Naa Ho,2003,186,"Comedy, Drama, Musical",8.0,74419536,36361149
Kari-gurashi no Arietti,2010,94,"Animation, Adventure, Family",7.6,40806603,96668034
Kaze no tani no Naushika,1984,117,"Animation, Adventure, Fantasy",8.1,34325924,36551175
Kaze tachinu,2013,126,"Animation, Biography, Drama",7.8,59849326,67018767
Kelly's Heroes,1970,144,"Adventure, Comedy, War",7.6,91474819,37183109
Key Largo,1948,100,"Action, Crime, Drama",7.8,23220923,12731579
Kick-Ass,2010,117,"Action, Comedy, Crime",7.6,72361644,85043968
Kill Bill: Vol. 1,2003,111,"Action, Crime, Drama",8.1,54430384,46845205
Kill Bill: Vol. 2,2004,137,"Action, Crime, Thriller",8.0,71528867,50590535
Kimi no na wa.,2016,106,"Animation, Drama, Fantasy",8.4,17593401,95334172
Kind Hearts and Coronets,1949,106,"Comedy, Crime",8.0,56216560,71535232
King Kong,1933,100,"Adventure, Horror, Sci-Fi",7.9,59371845,40441403
Kingsman: The Secret Service,2014,129,"Action, Adventure, Comedy",7.7,83805371,76168387
Kis Uykusu,2014,196,Drama,8.1,46006418,95444469
Klaus,2019,96,"Animation, Adventure, Comedy",8.2,44214771,89604334
Knives Out,2019,130,"Comedy, Crime, Drama",7.9,39555842,10224306
Knockin' on Heaven's Door,1997,87,"Action, Crime, Comedy",8.0,19616323,12746534
Koe no katachi,2016,130,"Animation, Drama, Family",8.1,92704322,67273818
Kokuhaku,2010,106,"Drama, Thriller",7.8,38861981,18199323
Kramer vs. Kramer,1979,105,Drama,7.8,84592362,30788579
Kubo and the Two Strings,2016,101,"Animation, Action, Adventure",7.8,40704370,21782892
Kumonosu-jô,1957,110,"Drama, History",8.1,65871012,66126067
Kung fu,2004,99,"Action, Comedy, Fantasy",7.7,17683596,77719493
Kurenai no buta,1992,94,"Animation, Adventure, Comedy",7.7,23201817,61024057
Kôkaku Kidôtai,1995,83,"Animation, Action, Crime",8.0,41043783,13783127
L'avventura,1960,144,"Drama, Mystery",7.9,78479509,67914932
L.A. Confidential,1997,138,"Crime, Drama, Mystery",8.2,54162034,48353508
La Grande Illusion,1937,113,"Drama, War",8.1,17115916,81251144
La La Land,2016,128,"Comedy, Drama, Music",8.0,39765078,19558827
La Strada,1954,108,Drama,8.0,10332623,39691476
La Vie En Rose,2007,140,"Biography, Drama, Music",7.6,47682956,82005379
La battaglia di Algeri,1966,121,"Drama, War",8.1,19273479,64960912
La dolce vita,1960,174,"Comedy, Drama",8.0,44933562,95302383
La double vie de Véronique,1991,98,"Drama, Fantasy, Music",7.8,35114599,87660445
La grande bellezza,2013,141,Drama,7.8,85416454,59546489
La haine,1995,98,"Crime, Drama",8.1,37435313,37991164
La leggenda del pianista sull'oceano,1998,169,"Drama, Music, Romance",8.1,36115710,87185599
La migliore offerta,2013,131,"Crime, Drama, Mystery",7.8,61765752,29843222
La montaña sagrada,1973,114,"Adventure, Drama, Fantasy",7.9,55770816,14582099
La passion de Jeanne d'Arc,1928,110,"Biography, Drama, History",8.1,16484577,97002049
La piel que habito,2011,120,"Drama, Horror, Thriller",7.6,68079130,97204267
La planète sauvage,1973,72,"Animation, Sci-Fi",7.8,33687266,98698046
La règle du jeu,1939,110,"Comedy, Drama",8.0,43815323,19261236
La vie d'Adèle,2013,180,"Drama, Romance",7.7,65699043,62562321
La vita è bella,1997,116,"Comedy, Drama, Romance",8.6,93411022,19553846
Ladri di biciclette,1948,89,Drama,8.3,20819018,51097971
Lagaan: Once Upon a Time in India,2001,224,"Adventure, Drama, Musical",8.1,37502049,46272009
Lage Raho Munna Bhai,2006,144,"Comedy, Drama, Romance",8.1,50107743,64886628
Lat sau san taam,1992,128,"Action, Crime, Thriller",7.8,78844656,67730309
Laura,1944,88,"Drama, Film-Noir, Mystery",8.0,20302319,22112398
Lawrence of Arabia,1962,228,"Adventure, Biography, Drama",8.3,17389446,50348727
Le Petit Prince,2015,108,"Animation, Adventure, Drama",7.7,94301261,67500647
Le charme discret de la bourgeoisie,1972,102,Comedy,7.9,84449160,75704094
Le dîner de cons,1998,80,Comedy,7.7,37350741,18884023
Le locataire,1976,126,"Drama, Thriller",7.7,96988068,23696692
Le notti di Cabiria,1957,110,Drama,8.1,19433214,33787052
Le passé,2013,130,"Drama, Mystery",7.8,75070633,82915953
Le salaire de la peur,1953,131,"Adventure, Drama, Thriller",8.1,37836414,99440520
Le samouraï,1967,105,"Crime, Drama, Mystery",8.1,58949224,68964752
Le scaphandre et le papillon,2007,112,"Biography, Drama",8.0,89956696,20031241
Les choristes,2004,97,"Drama, Music",7.9,69935912,55512569
Les diaboliques,1955,117,"Crime, Drama, Horror",8.0,28412956,42226349
Les quatre cents coups,1959,99,"Crime, Drama",8.1,78897314,62197713
Les triplettes de Belleville,2003,80,"Animation, Comedy, Drama",7.8,49917847,32316129
Les yeux sans visage,1960,90,"Drama, Horror",7.7,20350438,24450088
Lethal Weapon,1987,109,"Action, Crime, Thriller",7.6,19884250,12727119
Letters from Iwo Jima,2006,141,"Action, Adventure, Drama",7.9,14816316,94273980
Leviafan,2014,140,"Crime, Drama",7.6,45429890,93782681
Life of Brian,1979,94,Comedy,8.1,56882621,30596585
Life of Pi,2012,127,"Adventure, Drama, Fantasy",7.9,46317985,88145788
Lifeboat,1944,97,"Drama, War",7.6,59995148,86490840
Lilja 4-ever,2002,109,"Crime, Drama",7.8,14300816,62826039
Lion,2016,118,"Biography, Drama",8.0,53518165,24713552
Little Miss Sunshine,2006,101,"Comedy, Drama",7.8,69263714,22553267
Little Women,2019,135,"Drama, Romance",7.8,67822884,48145368
"Lock, Stock and Two Smoking Barrels",1998,107,"Action, Comedy, Crime",8.2,77307567,39266432
Logan,2017,137,"Action, Drama, Sci-Fi",8.1,90196879,15747299
Lola rennt,1998,81,"Crime, Drama, Thriller",7.6,37550610,26095167
Lord of War,2005,122,"Action, Crime, Drama",7.6,79707414,33839427
Lost Highway,1997,134,"Mystery, Thriller",7.6,26188689,56785784
Lost in Translation,2003,102,"Comedy, Drama",7.7,69209238,37232070
Love and Death,1975,85,"Comedy, War",7.7,80035801,18637297
Loving Vincent,2017,94,"Animation, Biography, Crime",7.8,73679798,97514302
Lucky Number Slevin,2006,110,"Action, Crime, Drama",7.7,99950997,85957127
Låt den rätte komma in,2008,114,"Crime, Drama, Fantasy",7.9,16552635,81016981
Léon,1994,110,"Action, Crime, Drama",8.5,16030071,70852230
M - Eine Stadt sucht einen Mörder,1931,117,"Crime, Mystery, Thriller",8.3,38662428,49838278
M.S. Dhoni: The Untold Story,2016,184,"Biography, Drama, Sport",7.8,78563509,98743674
Mad Max 2,1981,96,"Action, Adventure, Sci-Fi",7.6,19973995,99575076
Mad Max: Fury Road,2015,120,"Action, Adventure, Sci-Fi",8.1,40293408,65996116
Madeo,2009,129,"Crime, Drama, Mystery",7.8,96533875,65570497
Magnolia,1999,188,Drama,8.0,92150411,38440749
Majo no takkyûbin,1989,103,"Animation, Adventure, Drama",7.8,23487456,93507967
Malcolm X,1992,202,"Biography, Drama, History",7.7,89850965,94530384
Man on Fire,2004,146,"Action, Crime, Drama",7.7,98812250,56410556
Manbiki kazoku,2018,121,"Crime, Drama",7.9,80506867,12315258
Manchester by the Sea,2016,137,Drama,7.8,79334172,97096634
Mandariinid,2013,87,"Drama, War",8.2,82752852,43698875
Manhattan,1979,96,"Comedy, Drama, Romance",7.9,22667204,14333040
Mar adentro,2014,126,"Biography, Drama",8.0,87157230,55487745
Marriage Story,2019,137,"Comedy, Drama, Romance",7.9,39887026,69152615
Mary Poppins,1964,139,"Comedy, Family, Fantasy",7.8,31955177,86809137
Mary and Max,2009,92,"Animation, Comedy, Drama",8.1,26746233,18809355
Match Point,2005,124,"Drama, Romance, Thriller",7.6,43770028,22715940
Me and Earl and the Dying Girl,2015,105,"Comedy, Drama",7.7,27949510,36210584
Memento,2000,113,"Mystery, Thriller",8.4,22573890,95471703
Metropolis,1927,153,"Drama, Sci-Fi",8.3,41059938,88832898
Midnight Cowboy,1969,113,Drama,7.8,52479929,63707364
Midnight Express,1978,121,"Biography, Crime, Drama",7.6,12937862,22477714
Midnight in Paris,2011,96,"Comedy, Fantasy, Romance",7.7,35693478,87066167
Miller's Crossing,1990,115,"Crime, Drama, Thriller",7.7,35497038,26588649
Million Dollar Baby,2004,132,"Drama, Sport",8.1,29554093,59485195
Mimi wo sumaseba,1995,111,"Animation, Drama, Family",7.9,82074452,30893873
Miracle in cell NO.7,2019,132,Drama,8.3,86814823,43043533
Miracle on 34th Street,1947,96,"Comedy, Drama, Family",7.9,16051900,97179112
Misery,1990,107,"Drama, Thriller",7.8,43969780,20156355
Mission: Impossible - Fallout,2018,147,"Action, Adventure, Thriller",7.7,91056661,74591038
Mississippi Burning,1988,128,"Crime, Drama, History",7.8,51094173,26498945
Moana,2016,107,"Animation, Adventure, Comedy",7.6,29894769,11798532
Modern Times,1936,87,"Comedy, Drama, Family",8.5,78790401,27756098
Mommy,2014,139,Drama,8.1,96961764,86139886
Moneyball,2011,133,"Biography, Drama, Sport",7.6,48408289,49996113
Mononoke-hime,1997,134,"Animation, Action, Adventure",8.4,86663103,67811918
"Monsters, Inc.",2001,92,"Animation, Adventure, Comedy",8.1,11479021,34061483
Monty Python and the Holy Grail,1975,91,"Adventure, Comedy, Fantasy",8.2,47459670,35990205
Moon,2009,97,"Drama, Mystery, Sci-Fi",7.9,63365003,72871090
Moonrise Kingdom,2012,94,"Comedy, Drama, Romance",7.8,69907252,67724221
Mou gaan dou,2002,101,"Action, Crime, Drama",8.0,14057369,11560240
Mr. Nobody,2009,141,"Drama, Fantasy, Romance",7.8,61026669,68968609
Mr. Smith Goes to Washington,1939,129,"Comedy, Drama",8.1,64774441,57241873
Mulan,1998,88,"Animation, Adventure, Family",7.6,44291795,58356930
Mulholland Dr.,2001,147,"Drama, Mystery, Thriller",7.9,38326188,93757551
Munna Bhai M.B.B.S.,2003,156,"Comedy, Drama, Musical",8.1,19681180,37693299
Mustang,2015,97,Drama,7.6,41788214,47027445
My Cousin Vinny,1992,120,"Comedy, Crime",7.6,31489303,97784280
My Fair Lady,1964,170,"Drama, Family, Musical",7.8,49178647,69791695
My Left Foot: The Story of Christy Brown,1989,103,"Biography, Drama",7.9,33837822,41083567
My Name Is Khan,2010,165,Drama,8.0,32702190,38993810
Mysterious Skin,2004,105,Drama,7.6,92940878,28672043
Mystic River,2003,138,"Crime, Drama, Mystery",7.9,57670579,67633792
Män som hatar kvinnor,2009,152,"Crime, Drama, Mystery",7.8,54154605,13090102
Naked,1993,132,"Comedy, Drama",7.8,47534623,38165318
Nebraska,2013,115,"Adventure, Comedy, Drama",7.7,71687459,14968997
Nefes: Vatan Sagolsun,2009,128,"Action, Drama, Thriller",8.0,40132831,38121938
Nelyubov,2017,127,Drama,7.6,89199806,74843721
Network,1976,121,Drama,8.1,69360391,57622905
Night of the Living Dead,1968,96,"Horror, Thriller",7.9,67621694,52484148
Night on Earth,1991,129,"Comedy, Drama",7.8,97084898,19114248
Nightcrawler,2014,117,"Crime, Drama, Thriller",7.9,57622542,77239971
No Country for Old Men,2007,122,"Crime, Drama, Thriller",8.1,46899365,93179928
No Man's Land,2001,98,"Comedy, Drama, War",7.9,11513710,44194993
North by Northwest,1959,136,"Adventure, Mystery, Thriller",8.3,75325395,95291464
Nosferatu,1922,94,"Fantasy, Horror",7.9,68300273,82771238
Notorious,1946,102,"Drama, Film-Noir, Romance",7.9,63483284,58234501
Nueve reinas,2000,114,"Crime, Drama, Thriller",7.9,51440492,13117005
Nuovo Cinema Paradiso,1988,155,"Drama, Romance",8.5,17136893,78193612
"O Brother, Where Art Thou?",2000,107,"Adventure, Comedy, Crime",7.7,66670965,65167319
OMG: Oh My God!,2012,125,"Comedy, Drama, Fantasy",8.1,53698138,99670376
Ocean's Eleven,2001,116,"Crime, Thriller",7.7,69858185,96344936
October Sky,1999,108,"Biography, Drama, Family",7.8,10394174,88512591
Office Space,1999,89,Comedy,7.7,95010631,18645671
Okuribito,2008,130,"Drama, Music",8.1,65929882,68107209
Oldeuboi,2003,101,"Action, Drama, Mystery",8.4,44385262,67588146
Omohide poro poro,1991,118,"Animation, Drama, Romance",7.6,42588846,68909572
Omoide no Mânî,2014,103,"Animation, Drama, Family",7.7,72191923,30704147
On Golden Pond,1981,109,Drama,7.6,25275117,35734649
On the Waterfront,1954,108,"Crime, Drama, Thriller",8.1,52306649,76739036
Once,2007,86,"Drama, Music, Romance",7.8,27729758,53484298
Once Upon a Time in America,1984,229,"Crime, Drama",8.4,67068470,76806299
Once Upon a Time in the West,1968,165,Western,8.5,22642268,77157274
Once Upon a Time... in Hollywood,2019,161,"Comedy, Drama",7.6,25106296,96516664
Once Were Warriors,1994,102,"Crime, Drama",7.9,64349726,69502468
Ondskan,2003,113,Drama,7.8,43521144,74689792
One Flew Over the Cuckoo's Nest,1975,133,Drama,8.7,96668581,24258593
Only the Brave,2017,134,"Action, Biography, Drama",7.6,50728142,25647845
Ordinary People,1980,124,Drama,7.7,90834901,66176840
Out of the Past,1947,97,"Crime, Drama, Film-Noir",8.0,67084304,23139215
PK,2014,153,"Comedy, Drama, Musical",8.1,41577333,64251361
Paan Singh Tomar,2012,135,"Action, Biography, Crime",8.2,86340739,25730079
Paddington 2,2017,103,"Adventure, Comedy, Family",7.8,17639604,64431408
Pan's Labyrinth,2006,118,"Drama, Fantasy, War",8.2,17708055,73689125
Paper Moon,1973,102,"Comedy, Crime, Drama",8.1,15414623,19177429
Papillon,1973,151,"Biography, Crime, Drama",8.0,44324889,45825860
Papurika,2006,90,"Animation, Drama, Fantasy",7.7,72700306,86754101
"Paris, Texas",1984,145,Drama,8.1,99633720,81216454
Paths of Glory,1957,88,"Drama, War",8.4,33736252,71037688
Patton,1970,172,"Biography, Drama, War",7.9,15186558,21835460
Peeping Tom,1960,101,"Drama, Horror, Thriller",7.7,29140836,66349177
Per qualche dollaro in più,1965,132,Western,8.3,78585478,63547369
Per un pugno di dollari,1964,99,"Action, Drama, Western",8.0,15383188,78872635
Perfetti sconosciuti,2016,96,"Comedy, Drama",7.8,51865905,58765710
Persepolis,2007,96,"Animation, Biography, Drama",8.0,97781428,76569939
Persona,1966,85,"Drama, Thriller",8.1,51893268,92141444
Philadelphia,1993,125,Drama,7.7,81669749,89696550
Philomena,2013,98,"Biography, Comedy, Drama",7.6,83103016,11984194
Pink,2016,136,"Drama, Thriller",8.1,10742908,92084783
Pink Floyd: The Wall,1982,95,"Drama, Fantasy, Music",8.1,82459625,14417277
Pirates of the Caribbean: The Curse of the Black Pearl,2003,143,"Action, Adventure, Fantasy",8.0,53785481,51949472
"Planes, Trains & Automobiles",1987,93,"Comedy, Drama",7.6,51861548,80169302
Planet of the Apes,1968,112,"Adventure, Sci-Fi",8.0,87424604,16342422
Platoon,1986,120,"Drama, War",8.1,36090291,10367718
Portrait de la jeune fille en feu,2019,122,"Drama, Romance",8.1,56747964,63512453
Predator,1987,107,"Action, Adventure, Sci-Fi",7.8,39635312,28682817
Pride,2014,119,"Biography, Comedy, Drama",7.8,21286131,10200993
Pride & Prejudice,2005,129,"Drama, Romance",7.8,93513435,13838471
Primal Fear,1996,129,"Crime, Drama, Mystery",7.7,94843515,60938820
Prisoners,2013,153,"Crime, Drama, Mystery",8.1,56554091,34816699
Psycho,1960,109,"Horror, Mystery, Thriller",8.5,15645344,55926596
Pulp Fiction,1994,154,"Crime, Drama",8.9,81837939,50793212
Pâfekuto burû,1997,81,"Animation, Crime, Mystery",8.0,40696468,89327240
Queen,2013,146,"Adventure, Comedy, Drama",8.2,28354258,30056059
Raazi,2018,138,"Action, Drama, Thriller",7.8,66691605,33668410
Raging Bull,1980,129,"Biography, Drama, Sport",8.2,86965270,75781228
Raiders of the Lost Ark,1981,115,"Action, Adventure",8.4,40803418,29978760
Rain Man,1988,133,Drama,8.0,78784761,59790104
Ran,1985,162,"Action, Drama, War",8.2,83748924,95631161
Rang De Basanti,2006,167,"Comedy, Crime, Drama",8.2,95409372,97700456
Rashômon,1950,88,"Crime, Drama, Mystery",8.2,89627345,49613350
Ratatouille,2007,111,"Animation, Adventure, Comedy",8.0,32310492,19074897
Ray,2004,152,"Biography, Drama, Music",7.7,74918453,89492688
Rear Window,1954,112,"Mystery, Thriller",8.4,84706649,67500991
Rebecca,1940,130,"Drama, Mystery, Romance",8.1,71166406,66027752
Rebel Without a Cause,1955,111,Drama,7.7,17181692,83813479
Red River,1948,133,"Action, Adventure, Drama",7.8,74681676,88206344
Relatos salvajes,2014,122,"Comedy, Drama, Thriller",8.1,41525299,75415033
Remember the Titans,2000,113,"Biography, Drama, Sport",7.8,46976516,51311239
Repulsion,1965,105,"Drama, Horror, Thriller",7.7,97546088,96416476
Requiem for a Dream,2000,102,Drama,8.3,63090524,51122981
Reservoir Dogs,1992,99,"Crime, Drama, Thriller",8.3,35632669,67730001
Rio Bravo,1959,141,"Action, Drama, Western",8.0,12095553,80071872
Road to Perdition,2002,117,"Crime, Drama, Thriller",7.7,45938927,46089920
Rockstar,2011,159,"Drama, Music, Musical",7.7,32902083,44938347
Rocky,1976,120,"Drama, Sport",8.1,60114331,35668142
Rogue One,2016,133,"Action, Adventure, Sci-Fi",7.8,40169776,70387917
Roma,2018,135,Drama,7.7,70588723,35196249
Roman Holiday,1953,118,"Comedy, Romance",8.0,98797107,68868857
Room,2015,118,"Drama, Thriller",8.1,65472259,31241680
Rope,1948,80,"Crime, Drama, Mystery",8.0,11387092,39971413
Rosemary's Baby,1968,137,"Drama, Horror",8.0,67600081,51393695
Rupan sansei: Kariosutoro no shiro,1979,100,"Animation, Adventure, Family",7.7,82836570,35987473
Rush,2013,123,"Action, Biography, Drama",8.1,12860141,93663425
Rushmore,1998,93,"Comedy, Drama, Romance",7.7,30244078,40460138
Sabrina,1954,113,"Comedy, Drama, Romance",7.7,63246481,46105830
Salinui chueok,2003,131,"Crime, Drama, Mystery",8.1,58043296,93248415
Sanjuro,1962,96,"Action, Comedy, Crime",8.1,30136145,29264292
Saving Private Ryan,1998,169,"Drama, War",8.6,92766948,21457002
Saw,2004,103,"Horror, Mystery, Thriller",7.6,22758882,86954636
Scarface,1983,170,"Crime, Drama",8.3,43126519,97928867
Scarface: The Shame of the Nation,1932,93,"Action, Crime, Drama",7.8,40460719,57240481
Scent of a Woman,1992,156,Drama,8.0,45317928,67690844
Schindler's List,1993,195,"Biography, Drama, History",8.9,57149406,65552214
Se7en,1995,127,"Crime, Drama, Mystery",8.6,26381873,94007822
Searching,2018,102,"Drama, Mystery, Thriller",7.6,30327131,90714475
Secrets & Lies,1996,136,"Comedy, Drama",8.0,94315782,52438695
Sen to Chihiro no kamikakushi,2001,125,"Animation, Adventure, Family",8.6,20617792,55225042
Sense and Sensibility,1995,136,"Drama, Romance",7.6,57779990,65929336
Seppuku,1962,133,"Action, Drama, Mystery",8.6,61146590,47960811
Serbuan maut,2011,101,"Action, Thriller",7.6,87283244,44057636
Serbuan maut 2: Berandal,2014,150,"Action, Crime, Thriller",8.0,70618597,92901824
Serenity,2005,119,"Action, Adventure, Sci-Fi",7.8,18465557,29556796
Serpico,1973,130,"Biography, Crime, Drama",7.7,50578513,57414665
Seven Pounds,2008,123,Drama,7.6,14254678,35412432
Shadow of a Doubt,1943,108,"Film-Noir, Thriller",7.8,71368216,26156831
Shaun of the Dead,2004,99,"Comedy, Horror",7.9,19281294,64686103
Sherlock Holmes,2009,128,"Action, Adventure, Mystery",7.6,73822231,12931693
Sherlock Jr.,1924,45,"Action, Comedy, Romance",8.2,47486873,13987698
Shichinin no samurai,1954,207,"Action, Adventure, Drama",8.6,75206300,61282578
"Shin seiki Evangelion Gekijô-ban: Air/Magokoro wo, kimi ni",1997,87,"Animation, Action, Drama",8.1,78792946,93843623
Shine,1996,105,"Biography, Drama, Music",7.7,49835310,35791837
Sholay,1975,204,"Action, Adventure, Comedy",8.2,87946153,66339080
Short Cuts,1993,188,"Comedy, Drama",7.7,95612102,95308068
Short Term 12,2013,96,Drama,8.0,23556404,23583547
Shrek,2001,90,"Animation, Adventure, Comedy",7.8,60512823,85670578
Shutter Island,2010,138,"Mystery, Thriller",8.2,22046362,34573534
Sicario,2015,121,"Action, Crime, Drama",7.6,51806535,97749154
Silver Linings Playbook,2012,122,"Comedy, Drama, Romance",7.7,18408391,13217184
Sin City,2005,124,"Crime, Thriller",8.0,24680307,88735755
Sing Street,2016,106,"Comedy, Drama, Music",7.9,71994492,64097830
Singin' in the Rain,1952,103,"Comedy, Musical, Romance",8.3,26716876,42107949
Skyfall,2012,143,"Action, Adventure, Thriller",7.7,96927264,28418246
Sleepers,1996,147,"Crime, Drama, Thriller",7.6,42881519,38628099
Sleuth,1972,138,"Mystery, Thriller",8.0,70646546,64314908
Sling Blade,1996,135,Drama,8.0,59690020,20566286
Slumdog Millionaire,2008,120,"Drama, Romance",8.0,66474862,63345652
Smultronstället,1957,91,"Drama, Romance",8.2,50379585,37947250
Snatch,2000,104,"Comedy, Crime",8.3,40083997,34055930
Solaris,1972,167,"Drama, Mystery, Sci-Fi",8.1,79168257,63465236
Some Like It Hot,1959,121,"Comedy, Music, Romance",8.2,96214441,13080985
Song of the Sea,2014,93,"Animation, Adventure, Drama",8.1,22935694,99816197
Soorarai Pottru,2020,153,Drama,8.6,80304775,13661070
Soul,2020,100,"Animation, Adventure, Comedy",8.1,67194286,81079811
Sound of Metal,2019,120,"Drama, Music",7.8,83654271,11709892
"South Park: Bigger, Longer & Uncut",1999,81,"Animation, Comedy, Fantasy",7.7,73649614,14740690
Spartacus,1960,197,"Adventure, Biography, Drama",7.9,57801294,14506323
Special Chabbis,2013,144,"Crime, Drama, Thriller",8.0,74241613,89491419
Spider-Man: Into the Spider-Verse,2018,117,"Animation, Action, Adventure",8.4,81341016,75445771
Spoorloos,1988,107,"Mystery, Thriller",7.7,44055215,19973092
Spotlight,2015,129,"Biography, Crime, Drama",8.1,43126874,75502139
Stagecoach,1939,96,"Adventure, Drama, Western",7.8,94335147,72845240
Stalag 17,1953,120,"Comedy, Drama, War",8.0,74859336,32660583
Stalker,1979,162,"Drama, Sci-Fi",8.2,13797368,14676971
Stand by Me,1986,89,"Adventure, Drama",8.1,41328108,91035367
Star Trek,2009,127,"Action, Adventure, Sci-Fi",7.9,36343753,41338059
Star Trek II: The Wrath of Khan,1982,113,"Action, Adventure, Sci-Fi",7.7,66102792,49079988
Star Trek Into Darkness,2013,132,"Action, Adventure, Sci-Fi",7.7,40979277,95989537
Star Wars,1977,121,"Action, Adventure, Fantasy",8.6,62446787,83890636
Star Wars: Episode V - The Empire Strikes Back,1980,124,"Action, Adventure, Fantasy",8.7,73692247,46044559
Star Wars: Episode VI - Return of the Jedi,1983,131,"Action, Adventure, Fantasy",8.3,96630973,78337975
Star Wars: Episode VII - The Force Awakens,2015,138,"Action, Adventure, Sci-Fi",7.9,47263042,85232623
Stardust,2007,127,"Adventure, Family, Fantasy",7.6,59367738,14553402
Straight Outta Compton,2015,147,"Biography, Drama, History",7.8,16241642,69888607
Strangers on a Train,1951,101,"Crime, Film-Noir, Thriller",7.9,27209916,24250715
Sunrise: A Song of Two Humans,1927,94,"Drama, Romance",8.1,62553971,31666486
Sunset Blvd.,1950,110,"Drama, Film-Noir",8.4,74192503,52879797
"Swades: We, the People",2004,210,Drama,8.2,59371439,50884495
Sweet Smell of Success,1957,96,"Drama, Film-Noir",8.0,35166400,35513287
"Synecdoche, New York",2008,124,Drama,7.6,37522046,10875853
Taare Zameen Par,2007,165,"Drama, Family",8.4,93294212,76542260
Taegukgi hwinalrimyeo,2004,140,"Action, Drama, War",8.1,80691259,83209884
Taken,2008,90,"Action, Thriller",7.8,56343953,36401075
Talvar,2015,132,"Crime, Drama, Mystery",8.2,26695587,14992250
Tangled,2010,100,"Animation, Adventure, Comedy",7.7,76306136,60380256
Taxi Driver,1976,114,"Crime, Drama",8.3,86808320,17313110
Tengoku to jigoku,1963,143,"Crime, Drama, Mystery",8.4,80469791,13500731
Tenkû no shiro Rapyuta,1986,125,"Animation, Adventure, Drama",8.0,23365491,75112010
Terator 2: Judgment Day,1991,137,"Action, Sci-Fi",8.5,35343184,40609801
The 39 Steps,1935,86,"Crime, Mystery, Thriller",7.6,44897076,65357053
The Adventures of Robin Hood,1938,102,"Action, Adventure, Romance",7.9,90506913,60805797
The African Queen,1951,105,"Adventure, Drama, Romance",7.7,89005138,61056416
The Apartment,1960,125,"Comedy, Drama, Romance",8.3,76417763,92909929
The Artist,2011,100,"Comedy, Drama, Romance",7.9,86681296,98026748
The Avengers,2012,143,"Action, Adventure, Sci-Fi",8.0,36453037,93914130
The Best Years of Our Lives,1946,170,"Drama, Romance, War",8.0,23671205,66300815
The Big Lebowski,1998,117,"Comedy, Crime, Sport",8.1,95083799,77610291
The Big Short,2015,130,"Biography, Comedy, Drama",7.8,49311037,43049732
The Big Sleep,1946,114,"Crime, Film-Noir, Mystery",7.9,55933646,87008350
The Birds,1963,119,"Drama, Horror, Mystery",7.7,74848079,88204902
The Blind Side,2009,129,"Biography, Drama, Sport",7.6,47136595,97461265
The Blues Brothers,1980,133,"Action, Adventure, Comedy",7.9,26036842,81566423
The Boondock Saints,1999,108,"Action, Crime, Thriller",7.8,98188985,11206764
The Bourne Identity,2002,119,"Action, Mystery, Thriller",7.9,40242502,50268936
The Bourne Supremacy,2004,108,"Action, Mystery, Thriller",7.7,78792762,94646884
The Bourne Ultimatum,2007,115,"Action, Mystery, Thriller",8.0,11947758,57201251
The Boy in the Striped Pyjamas,2008,94,"Drama, History, War",7.8,92009238,36657639
The Breakfast Club,1985,97,"Comedy, Drama",7.8,37716361,28261456
The Bridge on the River Kwai,1957,161,"Adventure, Drama, War",8.1,86235413,22541852
The Bridges of Madison County,1995,135,"Drama, Romance",7.6,49333166,52861741
The Broken Circle Breakdown,2012,111,"Drama, Music, Romance",7.7,40587920,10394238
The Butterfly Effect,2004,113,"Drama, Sci-Fi, Thriller",7.6,17602738,94286866
The Circus,1928,72,"Comedy, Romance",8.1,94884851,47647454
The Color Purple,1985,154,Drama,7.8,48944806,41204569
The Conversation,1974,113,"Drama, Mystery, Thriller",7.8,13526667,82766702
The Count of Monte Cristo,2002,131,"Action, Adventure, Drama",7.8,79425437,96356099
The Curious Case of Benja Button,2008,166,"Drama, Fantasy, Romance",7.8,92844503,17558167
The Dark Knight,2008,152,"Action, Crime, Drama",9.0,72433597,78665520
The Dark Knight Rises,2012,164,"Action, Adventure",8.4,37816348,73447411
The Day of the Jackal,1973,143,"Crime, Drama, Thriller",7.8,84739561,19566336
The Day the Earth Stood Still,1951,92,"Drama, Sci-Fi",7.7,33229759,19019761
The Deer Hunter,1978,183,"Drama, War",8.1,94676794,15775801
The Departed,2006,151,"Crime, Drama, Thriller",8.5,85229780,98973799
The Dirty Dozen,1967,150,"Action, Adventure, War",7.7,75145635,58679060
The Elephant Man,1980,124,"Biography, Drama",8.1,54231110,87544170
The Exorcist,1973,122,Horror,8.0,70450637,37389435
The Fall,2006,117,"Adventure, Drama, Fantasy",7.9,43718425,38946899
The Fault in Our Stars,2014,126,"Drama, Romance",7.7,83119381,96918057
The Fifth Element,1997,126,"Action, Adventure, Sci-Fi",7.7,24150953,11442821
The Fighter,2010,116,"Biography, Drama, Sport",7.8,97822530,58760068
The Florida Project,2017,111,Drama,7.6,41555437,69798357
The French Connection,1971,104,"Action, Crime, Drama",7.7,20692367,24159528
The Fugitive,1993,130,"Action, Crime, Drama",7.8,21627774,24371209
The Game,1997,129,"Action, Drama, Mystery",7.8,15172793,81303014
The General,1926,67,"Action, Adventure, Comedy",8.1,73592689,75685183
The Gentlemen,2019,113,"Action, Comedy, Crime",7.8,28675355,84569334
The Girl with the Dragon Tattoo,2011,158,"Crime, Drama, Mystery",7.8,49651276,29954346
The Godfather,1972,175,"Crime, Drama",9.2,87709086,82013889
The Godfather: Part II,1974,202,"Crime, Drama",9.0,79439758,34078481
The Godfather: Part III,1990,162,"Crime, Drama",7.6,54233769,36085480
The Gold Rush,1925,95,"Adventure, Comedy, Drama",8.2,82227492,96762195
The Goonies,1985,114,"Adventure, Comedy, Family",7.8,56536447,51774910
The Graduate,1967,106,"Comedy, Drama, Romance",8.0,28717093,99930494
The Grand Budapest Hotel,2014,99,"Adventure, Comedy, Crime",8.1,20854544,40852197
The Grapes of Wrath,1940,129,"Drama, History",8.0,60249374,63835427
The Great Dictator,1940,125,"Comedy, Drama, War",8.4,47101808,72993954
The Great Escape,1963,172,"Adventure, Drama, History",8.2,10053303,34692953
The Green Mile,1999,189,"Crime, Drama, Fantasy",8.6,89270196,46217191
The Hangover,2009,100,Comedy,7.7,83981301,57752725
The Hateful Eight,2015,168,"Crime, Drama, Mystery",7.8,15949319,55654814
The Help,2011,146,Drama,8.0,24663772,27124149
The Hobbit: An Unexpected Journey,2012,169,"Adventure, Fantasy",7.8,53313172,41068618
The Hobbit: The Desolation of Smaug,2013,161,"Adventure, Fantasy",7.8,16045630,30892153
The Hurricane,1999,146,"Biography, Drama, Sport",7.6,29391912,37177969
The Hustler,1961,134,"Drama, Sport",8.0,11803993,27632633
The Illusionist,2006,110,"Drama, Fantasy, Mystery",7.6,92930398,28326124
The Imitation Game,2014,114,"Biography, Drama, Thriller",8.0,67664899,53404525
The Incredibles,2004,115,"Animation, Action, Adventure",8.0,67751444,59718885
The Innocents,1961,100,Horror,7.8,97314049,93976923
The Insider,1999,157,"Biography, Drama, Thriller",7.8,18717976,14377882
The Intouchables,2011,112,"Biography, Comedy, Drama",8.5,31615235,28673047
The Invisible Man,1933,71,"Horror, Sci-Fi",7.7,74154763,73380482
The Irishman,2019,209,"Biography, Crime, Drama",7.9,47959727,58489515
The Iron Giant,1999,86,"Animation, Action, Adventure",8.0,22612468,90647129
The Jungle Book,1967,78,"Animation, Adventure, Family",7.6,67408735,80974664
The Kid,1921,68,"Comedy, Drama, Family",8.3,88805888,92511235
The Killing,1956,84,"Crime, Drama, Film-Noir",8.0,37544005,88789539
The Killing Fields,1984,141,"Biography, Drama, History",7.8,72405126,44938430
The King of Comedy,1982,109,"Comedy, Crime, Drama",7.8,75396449,91481616
The King's Speech,2010,118,"Biography, Drama, History",8.0,21542311,50369421
The Lady Vanishes,1938,96,"Mystery, Thriller",7.8,21604865,26237803
The Ladykillers,1955,91,"Comedy, Crime",7.7,76762667,34484309
The Last Emperor,1987,163,"Biography, Drama, History",7.7,74969998,13214521
The Last King of Scotland,2006,123,"Biography, Drama, History",7.7,32629649,78600875
The Last Picture Show,1971,118,"Drama, Romance",8.0,92312422,30395501
The Last Samurai,2003,154,"Action, Drama",7.7,79238490,51117150
The Last of the Mohicans,1992,112,"Action, Adventure, Drama",7.7,45808575,48855130
The Lego Movie,2014,100,"Animation, Action, Adventure",7.7,43684045,91663683
The Lion King,1994,88,"Animation, Adventure, Drama",8.5,77039375,41249632
The Lion in Winter,1968,134,"Biography, Drama, History",7.9,89445657,60068697
The Little Mermaid,1989,83,"Animation, Family, Fantasy",7.6,18331192,86651738
The Lives of Others,2006,137,"Drama, Mystery, Thriller",8.4,97422141,67608429
The Long Goodbye,1973,112,"Comedy, Crime, Drama",7.6,56164117,20300532
The Longest Day,1962,178,"Action, Drama, History",7.8,42829039,77353871
The Lord of the Rings: The Fellowship of the Ring,2001,178,"Action, Adventure, Drama",8.8,34220822,19962352
The Lord of the Rings: The Return of the King,2003,201,"Action, Adventure, Drama",8.9,46473930,24739735
The Lord of the Rings: The Two Towers,2002,179,"Action, Adventure, Drama",8.7,51192636,15859886
The Lost Weekend,1945,101,"Drama, Film-Noir",7.9,27067630,20509474
The Lunchbox,2013,104,"Drama, Romance",7.8,23512141,49645384
The Machinist,2004,101,"Drama, Thriller",7.7,98637912,41944854
The Magdalene Sisters,2002,114,Drama,7.7,35905173,21455714
The Magnificent Seven,1960,128,"Action, Adventure, Western",7.7,94593267,95334168
The Maltese Falcon,1941,100,"Film-Noir, Mystery",8.0,18571140,19436743
The Man Who Shot Liberty Valance,1962,123,"Drama, Western",8.1,78606260,67249705
The Man Who Would Be King,1975,129,"Adventure, History, War",7.8,94798030,63823521
The Man from Earth,2007,87,"Drama, Fantasy, Mystery",7.9,23611542,11126039
The Manchurian Candidate,1962,126,"Drama, Thriller",7.9,72025376,24440275
The Martian,2015,144,"Adventure, Drama, Sci-Fi",8.0,76391258,52927087
The Matrix,1999,136,"Action, Sci-Fi",8.7,15714299,71460876
The Message,1976,177,"Biography, Drama, History",8.2,52189307,18585732
The Muppet Christmas Carol,1992,85,"Comedy, Drama, Family",7.7,49186723,73462307
The Muppet Movie,1979,95,"Adventure, Comedy, Family",7.6,41080798,37787835
The Naked Gun: From the Files of Police Squad!,1988,85,"Comedy, Crime",7.6,54616546,29792185
The Night of the Hunter,1955,92,"Crime, Drama, Film-Noir",8.0,55995238,47796556
The Nightmare Before Christmas,1993,76,"Animation, Family, Fantasy",8.0,36794654,79476118
The Notebook,2004,123,"Drama, Romance",7.8,62068195,44988361
The Odd Couple,1968,105,Comedy,7.7,46990146,45426246
The Others,2001,101,"Horror, Mystery, Thriller",7.6,76749359,44212270
The Outlaw Josey Wales,1976,135,Western,7.8,34165838,65347826
The Peanut Butter Falcon,2019,97,"Adventure, Comedy, Drama",7.6,58412533,54111942
The Perks of Being a Wallflower,2012,103,"Drama, Romance",8.0,92977402,41850687
The Philadelphia Story,1940,112,"Comedy, Romance",7.9,73547200,31158157
The Pianist,2002,150,"Biography, Drama, Music",8.5,92110588,46043778
The Prestige,2006,130,"Drama, Mystery, Sci-Fi",8.5,21486980,12632626
The Princess Bride,1987,98,"Adventure, Family, Fantasy",8.0,46878639,52652584
The Purple Rose of Cairo,1985,82,"Comedy, Fantasy, Romance",7.7,85829194,92491032
The Pursuit of Happyness,2006,117,"Biography, Drama",8.0,70524065,60018670
The Quiet Man,1952,129,"Comedy, Drama, Romance",7.7,14769858,51281162
The Red Shoes,1948,135,"Drama, Music, Romance",8.1,90598690,60122689
The Remains of the Day,1993,134,"Drama, Romance",7.8,69950241,22614240
The Revenant,2015,156,"Action, Adventure, Drama",8.0,81663936,78143699
The Right Stuff,1983,193,"Adventure, Biography, Drama",7.8,30852976,87050507
The Royal Tenenbaums,2001,110,"Comedy, Drama",7.6,17014839,15830516
The Sandlot,1993,101,"Comedy, Drama, Family",7.8,74922995,80045026
The Searchers,1956,119,"Adventure, Drama, Western",7.9,91752952,38626527
The Secret of Kells,2009,71,"Animation, Adventure, Family",7.6,89355877,23645949
The Shawshank Redemption,1994,142,Drama,9.3,27247177,39508284
The Shining,1980,146,"Drama, Horror",8.4,49199389,42305190
The Shop Around the Corner,1940,99,"Comedy, Drama, Romance",8.1,46968605,55051571
The Silence of the Lambs,1991,118,"Crime, Drama, Thriller",8.6,70281134,92405409
The Sixth Sense,1999,107,"Drama, Mystery, Thriller",8.1,71173406,99494718
The Social Network,2010,120,"Biography, Drama",7.7,53452577,86501764
The Sound of Music,1965,172,"Biography, Drama, Family",8.0,31468853,23086462
The Station Agent,2003,89,"Comedy, Drama",7.6,60356428,28393481
The Sting,1973,129,"Comedy, Crime, Drama",8.3,14332137,89923832
The Straight Story,1999,112,"Biography, Drama",8.0,91046340,86556115
The Taking of Pelham One Two Three,1974,104,"Action, Crime, Thriller",7.7,83446895,81127246
The Ten Commandments,1956,220,"Adventure, Drama",7.9,78890855,62531784
The Terator,1984,107,"Action, Sci-Fi",8.0,10893942,55096107
The Theory of Everything,2014,123,"Biography, Drama, Romance",7.7,43630771,11259239
The Thin Man,1934,91,"Comedy, Crime, Mystery",8.0,30411549,75695536
The Thin Red Line,1998,170,"Drama, War",7.6,28815177,33998151
The Thing,1982,109,"Horror, Mystery, Sci-Fi",8.1,52665849,72071364
The Third Man,1949,104,"Film-Noir, Mystery, Thriller",8.1,61035231,99344155
The Treasure of the Sierra Madre,1948,126,"Adventure, Drama, Western",8.2,54879045,49526347
The Trial of the Chicago 7,2020,129,"Drama, History, Thriller",7.8,33863203,39244891
The Truman Show,1998,103,"Comedy, Drama",8.1,30924306,57448671
The Untouchables,1987,119,"Crime, Drama, Thriller",7.9,24215669,31692582
The Usual Suspects,1995,106,"Crime, Mystery, Thriller",8.5,33982458,24742607
The Verdict,1982,129,Drama,7.7,94137814,15300046
The Visitor,2007,104,Drama,7.6,39710768,36926426
The Warriors,1979,92,"Action, Crime, Thriller",7.6,68199322,42885823
The Wild Bunch,1969,145,"Action, Adventure, Western",7.9,45388605,95863518
The Wizard of Oz,1939,102,"Adventure, Family, Fantasy",8.0,71523193,67668286
The Wolf of Wall Street,2013,180,"Biography, Crime, Drama",8.2,69220103,97985099
The World's Fastest Indian,2005,127,"Biography, Drama, Sport",7.8,37806846,71208887
The Wrestler,2008,109,"Drama, Sport",7.9,97610051,16724401
There Will Be Blood,2007,158,Drama,8.2,46430389,92436144
This Is England,2006,101,"Crime, Drama",7.7,40420124,21359539
This Is Spinal Tap,1984,82,"Comedy, Music",7.9,79435701,49502875
Thor: Ragnarok,2017,130,"Action, Adventure, Comedy",7.9,12255296,25787942
"Three Billboards Outside Ebbing, Missouri",2017,115,"Comedy, Crime, Drama",8.2,21258204,51719598
Titanic,1997,194,"Drama, Romance",7.8,23992182,82862009
To Be or Not to Be,1942,99,"Comedy, War",8.2,52313948,32014729
To Have and Have Not,1944,100,"Adventure, Comedy, Film-Noir",7.8,90546905,20204333
To Kill a Mockingbird,1962,129,"Crime, Drama",8.2,50008266,88902217
Todo sobre mi madre,1999,101,Drama,7.8,75699929,59059914
Togo,2019,113,"Adventure, Biography, Drama",8.0,83390324,30166707
Toki o kakeru shôjo,2006,98,"Animation, Adventure, Comedy",7.7,46817863,28933080
Tombstone,1993,130,"Action, Biography, Drama",7.8,58471284,39545866
Tonari no Totoro,1988,86,"Animation, Family, Fantasy",8.2,22295391,43059270
Touch of Evil,1958,95,"Crime, Drama, Film-Noir",8.0,40342338,93379637
Toy Story,1995,81,"Animation, Adventure, Comedy",8.3,91054486,70569849
Toy Story 2,1999,92,"Animation, Adventure, Comedy",7.9,94689699,90601024
Toy Story 3,2010,103,"Animation, Adventure, Comedy",8.2,83073803,44444180
Toy Story 4,2019,100,"Animation, Adventure, Comedy",7.8,98412873,22852046
Training Day,2001,122,"Crime, Drama, Thriller",7.7,46248792,93998951
Trainspotting,1996,93,Drama,8.1,35081143,17005396
Trois couleurs: Blanc,1994,92,"Comedy, Drama, Romance",7.6,87768139,52156004
Trois couleurs: Bleu,1993,94,"Drama, Music, Mystery",7.9,54355840,83710976
Trois couleurs: Rouge,1994,99,"Drama, Mystery, Romance",8.1,23298294,60299678
Tropa de Elite,2007,115,"Action, Crime, Drama",8.0,71226832,54201103
Tropa de Elite 2: O Inimigo Agora é Outro,2010,115,"Action, Crime, Drama",8.0,22053850,10028716
True Grit,2010,110,"Drama, Western",7.6,54292858,21403979
True Romance,1993,119,"Crime, Drama, Romance",7.9,55544059,65567073
Tumbbad,2018,104,"Drama, Fantasy, Horror",8.3,21126786,83250082
Twelve Monkeys,1995,129,"Mystery, Sci-Fi, Thriller",8.0,86560487,60039877
Tôkyô goddofâzâzu,2003,90,"Animation, Adventure, Comedy",7.8,45965371,20874100
Tôkyô monogatari,1953,136,Drama,8.2,86203549,87482705
Udaan,2010,134,Drama,8.2,30703818,91543719
Udta Punjab,2016,148,"Action, Crime, Drama",7.8,16864619,72639342
Un long dimanche de fiançailles,2004,133,"Drama, Mystery, Romance",7.6,79876465,38572335
Un prophète,2009,155,"Crime, Drama",7.9,92785765,65600534
Under sandet,2015,100,"Drama, History, War",7.8,29663316,96885447
Underground,1995,170,"Comedy, Drama, War",8.1,26390627,75907033
Unforgiven,1992,130,"Drama, Western",8.2,91652359,48789877
Up,2009,96,"Animation, Adventure, Comedy",8.2,61705484,96587382
Uri: The Surgical Strike,2018,138,"Action, Drama, War",8.2,38314731,51339771
V for Vendetta,2005,132,"Action, Drama, Sci-Fi",8.2,96083083,86112337
Vampire Hunter D: Bloodlust,2000,103,"Animation, Action, Fantasy",7.7,44345572,23134564
Veer-Zaara,2004,192,"Drama, Family, Musical",7.8,77825847,59898188
Vertigo,1958,128,"Mystery, Romance, Thriller",8.3,92977852,17593383
Vicky Donor,2012,126,"Comedy, Romance",7.8,56392408,39284420
Victoria,2015,138,"Crime, Drama, Romance",7.6,93422120,79939389
Vikram Vedha,2017,147,"Action, Crime, Drama",8.4,51851101,44598650
Viskningar och rop,1972,91,Drama,8.1,19242687,72267044
Vivre sa vie: Film en douze tableaux,1962,80,Drama,8.0,52572970,50477734
Vizontele,2001,110,"Comedy, Drama",8.0,21516655,55412490
Vozvrashchenie,2003,110,Drama,8.0,39607979,29476402
WALL·E,2008,98,"Animation, Adventure, Family",8.4,32771452,34537458
Wait Until Dark,1967,108,Thriller,7.8,93366685,56213171
Waking Life,2001,99,"Animation, Drama, Fantasy",7.8,25906108,42296620
Walk the Line,2005,136,"Biography, Drama, Music",7.8,57842998,66056532
Warrior,2011,140,"Action, Drama, Sport",8.2,61701186,52631519
Watchmen,2009,162,"Action, Drama, Mystery",7.6,36057007,13146472
Watership Down,1978,91,"Animation, Adventure, Drama",7.6,25041769,57479483
What Ever Happened to Baby Jane?,1962,134,"Drama, Horror, Thriller",8.1,74107150,44791980
What We Do in the Shadows,2014,86,"Comedy, Horror",7.7,22319041,55640393
What's Eating Gilbert Grape,1993,118,Drama,7.8,79655201,26221370
When Harry Met Sally...,1989,95,"Comedy, Drama, Romance",7.6,25180565,21808844
Where Eagles Dare,1968,158,"Action, Adventure, War",7.7,27717345,38425595
Whiplash,2014,106,"Drama, Music",8.5,43185204,30843144
White Heat,1949,114,"Action, Crime, Drama",8.1,98926283,53291720
Who Framed Roger Rabbit,1988,104,"Animation, Adventure, Comedy",7.7,88473713,79991804
Who's Afraid of Virginia Woolf?,1966,131,Drama,8.0,72340992,66281875
Willy Wonka & the Chocolate Factory,1971,100,"Family, Fantasy, Musical",7.8,16921481,19050678
Wind River,2017,107,"Crime, Drama, Mystery",7.7,99316294,66717360
Withnail & I,1987,107,"Comedy, Drama",7.7,32122586,39705303
Witness for the Prosecution,1957,116,"Crime, Drama, Mystery",8.4,34145960,81341566
Wo hu cang long,2000,120,"Action, Adventure, Fantasy",7.8,71144507,54821638
Wonder,2017,113,"Drama, Family",8.0,80232359,11022692
Wreck-It Ralph,2012,101,"Animation, Adventure, Comedy",7.7,31754154,10361567
X-Men: Days of Future Past,2014,132,"Action, Adventure, Sci-Fi",7.9,60184527,46828340
X: First Class,2011,131,"Action, Adventure, Sci-Fi",7.7,68996887,71585272
Y tu mamá también,2001,106,Drama,7.6,62021637,67814192
Yeopgijeogin geunyeo,2001,137,"Comedy, Drama, Romance",8.0,54962905,20210306
Ying xiong,2002,120,"Action, Adventure, History",7.9,74216582,59336646
Yip Man,2008,106,"Action, Biography, Drama",8.0,42073283,20473624
Young Frankenstein,1974,106,Comedy,8.0,95663916,25534027
Yôjinbô,1961,110,"Action, Drama, Thriller",8.2,57659278,95279050
Zelig,1983,79,Comedy,7.7,39402842,56718212
Zerkalo,1975,107,"Biography, Drama",8.1,68743615,55179173
Zindagi Na Milegi Dobara,2011,155,"Comedy, Drama",8.1,78119862,91398808
Zodiac,2007,157,"Crime, Drama, Mystery",7.7,42682736,11854426
Zombieland,2009,88,"Adventure, Comedy, Fantasy",7.6,57176628,42858108
Zootopia,2016,108,"Animation, Adventure, Comedy",8.0,63234756,65919726
Zulu,1964,138,"Drama, History, War",7.7,44853931,72680772
Zwartboek,2006,145,"Drama, Thriller, War",7.7,11860998,94786505
ority Report,2002,145,"Action, Crime, Mystery",7.6,34153342,48842650
À bout de souffle,1960,90,"Crime, Drama",7.8,77731355,44334502
Ôkami kodomo no Ame to Yuki,2012,117,"Animation, Drama, Fantasy",8.1,67912553,73619280
